Player,Team,Age,G,GS,CG,SHO,IP,H,ER,K,BB,HR,W,L,SV,BS,HLD,ERA,WHIP
Sandy Alcantara,MIA,26,11,11,1,0,74.2,49,15,71,24,4,6,2,0,0,0,1.81,0.98
Max Fried,ATL,28,11,11,0,0,69.0,58,21,61,12,5,5,2,0,0,0,2.74,1.01
Corbin Burnes,MIL,27,11,11,0,0,68.1,50,19,84,13,9,3,3,0,0,0,2.50,0.92
Aaron Nola,PHI,29,11,11,0,0,66.2,52,29,79,10,10,3,4,0,0,0,3.92,0.93
Joe Musgrove,SD,29,10,10,0,0,66.0,47,12,64,14,4,6,0,0,0,0,1.64,0.92
Robbie Ray,SEA,30,11,11,0,0,65.2,58,36,74,24,11,4,6,0,0,0,4.93,1.25
Miles Mikolas,STL,33,11,11,0,0,65.2,60,22,51,15,6,4,3,0,0,0,3.02,1.14
Chris Bassitt,NYM,33,11,11,0,0,65.0,55,27,68,21,11,4,3,0,0,0,3.74,1.17
Logan Gilbert,SEA,25,11,11,0,0,65.0,48,16,67,19,5,5,2,0,0,0,2.22,1.03
Frankie Montas,OAK,29,11,11,0,0,64.2,49,23,71,15,7,2,5,0,0,0,3.20,0.99
Gerrit Cole,NYY,31,11,11,0,0,64.2,47,20,81,15,6,5,1,0,0,0,2.78,0.96
Justin Verlander,HOU,39,10,10,0,0,64.2,40,16,61,12,9,6,2,0,0,0,2.23,0.80
Shane McClanahan,TB,25,11,11,0,0,64.1,47,15,89,12,8,6,2,0,0,0,2.10,0.92
Alek Manoah,TOR,24,10,10,0,0,63.2,48,14,57,10,5,6,1,0,0,0,1.98,0.91
Martin Perez,TEX,31,10,10,1,1,63.1,45,10,49,14,0,4,2,0,0,0,1.42,0.93
Nathan Eovaldi,BOS,32,11,11,1,0,63.1,59,24,67,10,16,3,2,0,0,0,3.41,1.09
Framber Valdez,HOU,28,10,10,1,0,63.0,49,18,50,22,2,5,2,0,0,0,2.57,1.13
Jordan Lyles,BAL,31,11,11,0,0,62.0,73,31,54,19,7,3,4,0,0,0,4.50,1.48
Sean Manaea,SD,30,10,10,0,0,62.0,48,26,68,21,8,2,3,0,0,0,3.77,1.11
Logan Webb,SF,25,10,10,0,0,61.1,57,24,50,14,5,5,1,0,0,0,3.52,1.16
Dane Dunning,TEX,27,11,11,0,0,61.1,58,28,63,20,7,1,3,0,0,0,4.11,1.27
Kevin Gausman,TOR,31,10,10,0,0,61.0,59,17,70,6,2,5,3,0,0,0,2.51,1.07
Shane Bieber,CLE,27,10,10,0,0,60.2,54,21,62,16,4,3,3,0,0,0,3.12,1.15
Brad Keller,KC,26,10,10,0,0,60.2,57,28,33,18,7,1,6,0,0,0,4.15,1.24
Yu Darvish,SD,35,10,10,0,0,60.1,51,27,48,15,5,4,3,0,0,0,4.03,1.09
Nestor Cortes,NYY,27,10,10,0,0,60.0,38,10,68,14,4,5,1,0,0,0,1.50,0.87
Kyle Wright,ATL,26,10,10,0,0,59.2,41,16,66,23,3,5,3,0,0,0,2.41,1.07
Pablo Lopez,MIA,26,10,10,0,0,59.0,43,12,61,15,5,4,2,0,0,0,1.83,0.98
Merrill Kelly,ARI,33,11,11,0,0,59.0,58,24,49,24,3,4,3,0,0,0,3.66,1.39
Adam Wainwright,STL,40,10,10,0,0,59.0,50,18,48,20,5,5,4,0,0,0,2.75,1.19
Jameson Taillon,NYY,30,10,10,0,0,58.2,48,15,44,5,4,6,1,0,0,0,2.30,0.90
Walker Buehler,LAD,27,10,10,1,1,58.2,58,21,49,15,5,6,1,0,0,0,3.22,1.24
Kyle Hendricks,CHC,32,11,11,0,0,58.2,60,34,37,19,11,2,5,0,0,0,5.22,1.35
Tarik Skubal,DET,25,10,10,0,0,58.2,46,14,61,10,2,4,2,0,0,0,2.15,0.95
Josiah Gray,WAS,24,11,11,0,0,57.1,47,30,63,28,14,6,4,0,0,0,4.71,1.31
Bruce Zimmermann,BAL,27,11,11,0,0,57.1,66,31,42,11,13,2,4,0,0,0,4.87,1.34
Carlos Carrasco,NYM,35,10,10,0,0,57.0,56,23,51,13,3,6,1,0,0,0,3.63,1.21
Tyler Anderson,LAD,32,10,8,0,0,55.2,47,16,53,6,6,7,0,0,0,0,2.59,0.95
Chris Flexen,SEA,27,10,10,0,0,55.1,60,28,40,18,9,2,6,0,0,0,4.55,1.41
German Marquez,COL,27,10,10,0,0,55.0,71,41,46,18,11,1,5,0,0,0,6.71,1.62
Carlos Rodon,SF,29,10,10,0,0,55.0,48,21,70,21,3,4,4,0,0,0,3.44,1.25
Nick Pivetta,BOS,29,10,10,1,0,54.2,45,24,51,19,6,4,4,0,0,0,3.95,1.17
Paul Blackburn,OAK,28,10,10,0,0,54.1,41,13,41,12,3,5,1,0,0,0,2.15,0.98
Madison Bumgarner,ARI,32,11,11,0,0,54.1,47,20,37,18,9,2,4,0,0,0,3.31,1.20
Patrick Corbin,WAS,32,11,11,1,0,54.1,73,42,48,24,7,1,8,0,0,0,6.96,1.79
Kyle Gibson,PHI,34,10,10,0,0,54.0,50,23,49,15,5,3,2,0,0,0,3.83,1.20
Chad Kuhl,COL,29,10,10,0,0,54.0,48,19,41,20,5,4,2,0,0,0,3.17,1.26
Ian Anderson,ATL,24,10,10,0,0,53.2,51,28,45,24,8,4,3,0,0,0,4.70,1.40
Tyler Mahle,CIN,27,11,11,0,0,53.2,48,33,58,26,5,2,5,0,0,0,5.53,1.38
Dylan Cease,CWS,26,10,10,0,0,53.2,44,22,76,23,5,4,2,0,0,0,3.69,1.25
Cal Quantrill,CLE,27,9,9,0,0,53.2,45,21,33,19,3,2,3,0,0,0,3.52,1.19
Jordan Montgomery,NYY,29,10,10,0,0,53.1,45,18,41,9,6,1,1,0,0,0,3.04,1.01
Julio Urias,LAD,25,10,10,0,0,53.0,47,17,42,12,9,3,5,0,0,0,2.89,1.11
Kyle Freeland,COL,29,10,10,0,0,52.2,63,29,42,19,5,1,5,0,0,0,4.96,1.56
Joan Adon,WAS,23,11,11,0,0,52.2,56,35,42,33,6,1,9,0,0,0,5.98,1.69
Austin Gomber,COL,28,10,10,0,0,52.1,59,38,40,18,8,2,6,0,0,0,6.54,1.47
Zack Greinke,KC,38,10,10,0,0,51.2,60,29,25,10,7,0,4,0,0,0,5.05,1.35
JT Brubaker,PIT,28,11,11,0,0,51.2,51,27,53,24,8,0,5,0,0,0,4.70,1.45
Dakota Hudson,STL,27,10,10,0,0,51.2,44,17,28,24,4,4,2,0,0,0,2.96,1.32
Zack Wheeler,PHI,32,9,9,0,0,51.1,46,18,58,13,2,3,3,0,0,0,3.16,1.15
Adrian Houser,MIL,29,10,10,0,0,51.1,49,20,41,23,3,3,5,0,0,0,3.51,1.40
Zach Eflin,PHI,28,9,9,0,0,51.0,48,22,45,10,4,2,4,0,0,0,3.88,1.14
Triston McKenzie,CLE,24,9,8,0,0,51.0,31,15,45,13,6,3,4,0,0,0,2.65,0.86
Jose Urquidy,HOU,27,10,10,0,0,51.0,69,27,40,8,9,5,2,0,0,0,4.76,1.51
Tony Gonsolin,LAD,28,10,10,0,0,51.0,28,9,49,17,3,6,0,0,0,0,1.59,0.88
Eric Lauer,MIL,27,9,9,0,0,50.2,40,14,61,15,8,5,1,0,0,0,2.49,1.09
Marco Gonzales,SEA,30,10,10,0,0,50.2,54,20,29,17,10,3,5,0,0,0,3.55,1.40
Corey Kluber,TB,36,10,10,0,0,50.2,49,21,46,8,6,2,2,0,0,0,3.73,1.13
Jose Quintana,PIT,33,10,10,0,0,50.1,44,13,41,18,2,1,2,0,0,0,2.32,1.23
Zac Gallen,ARI,26,9,9,0,0,50.1,34,13,49,12,3,4,0,0,0,0,2.32,0.91
Max Scherzer,NYM,37,8,8,0,0,49.2,36,14,59,11,5,5,1,0,0,0,2.54,0.95
Jose Berrios,TOR,28,10,10,0,0,49.2,61,31,36,14,9,3,2,0,0,0,5.62,1.51
Charlie Morton,ATL,38,10,10,0,0,49.1,52,30,46,22,6,3,3,0,0,0,5.47,1.50
Zach Plesac,CLE,27,9,9,0,0,49.1,54,27,33,13,8,1,4,0,0,0,4.93,1.36
Luis Garcia,HOU,25,9,9,0,0,48.2,37,17,51,15,7,3,3,0,0,0,3.14,1.07
Alex Wood,SF,31,10,10,0,0,48.1,54,25,50,15,5,3,5,0,0,0,4.66,1.43
Zach Davies,ARI,29,10,10,0,0,48.1,46,26,37,19,8,2,3,0,0,0,4.84,1.34
Luis Severino,NYY,28,9,9,0,0,48.0,40,18,51,13,7,3,1,0,0,0,3.38,1.10
Michael Lorenzen,LAA,30,8,8,0,0,48.0,36,17,31,15,4,5,2,0,0,0,3.19,1.06
Elieser Hernandez,MIA,27,11,9,0,0,48.0,54,36,47,15,18,2,5,0,0,0,6.75,1.44
Ranger Suarez,PHI,26,10,10,0,0,48.0,53,25,42,22,6,4,3,0,0,0,4.69,1.56
Hunter Greene,CIN,22,10,10,0,0,48.0,49,33,64,24,15,2,7,0,0,0,6.19,1.52
Marcus Stroman,CHC,31,9,9,0,0,47.1,46,28,45,12,8,2,5,0,0,0,5.32,1.23
Shohei Ohtani,LAA,27,52,9,0,0,47.1,44,21,65,11,8,3,4,0,0,0,3.99,1.16
Erick Fedde,WAS,29,10,10,0,0,47.0,49,24,42,23,6,3,4,0,0,0,4.60,1.53
Drew Rasmussen,TB,26,10,10,0,0,46.2,38,18,44,13,5,5,2,0,0,0,3.47,1.09
Yusei Kikuchi,TOR,30,10,10,0,0,46.0,39,20,50,24,7,2,2,0,0,0,3.91,1.37
Nick Martinez,SD,31,9,8,0,0,45.2,43,20,43,22,7,2,3,0,0,0,3.94,1.42
Cole Irvin,OAK,28,8,8,0,0,45.2,45,15,28,11,5,2,2,0,0,0,2.96,1.23
Keegan Thompson,CHC,27,12,4,0,0,45.1,35,10,38,14,3,6,0,0,0,0,1.99,1.08
Trevor Rogers,MIA,24,10,10,0,0,45.0,49,29,39,21,8,2,5,0,0,0,5.80,1.56
Reid Detmers,LAA,22,9,9,1,1,45.0,31,21,31,14,7,2,2,0,0,0,4.20,1.00
Michael Kopech,CWS,26,9,9,0,0,45.0,23,11,43,23,2,1,2,0,0,0,2.20,1.02
Garrett Whitlock,BOS,25,12,8,0,0,44.2,38,15,44,11,5,2,1,1,1,0,3.02,1.10
Taylor Hearn,TEX,27,10,10,0,0,44.1,54,27,41,23,7,3,4,0,0,0,5.48,1.74
Humberto Castellanos,ARI,24,11,9,0,0,44.1,50,28,32,12,7,3,2,0,0,0,5.68,1.40
Brandon Woodruff,MIL,29,9,9,0,0,43.2,41,23,53,13,7,5,3,0,0,0,4.74,1.24
Tyler Wells,BAL,27,10,10,0,0,43.2,40,18,28,7,5,2,4,0,0,0,3.71,1.08
Mitch Keller,PIT,26,10,8,0,0,43.2,48,28,37,20,6,2,5,0,0,0,5.77,1.56
Patrick Sandoval,LAA,25,8,8,0,0,43.1,35,13,42,20,0,3,1,0,0,0,2.70,1.27
Joe Ryan,MIN,25,8,8,0,0,43.1,29,11,42,14,3,5,2,0,0,0,2.28,0.99
Daniel Lynch,KC,25,9,9,0,0,43.0,47,23,39,20,5,2,4,0,0,0,4.81,1.56
Drew Smyly,CHC,32,9,9,0,0,42.2,44,18,34,10,8,2,5,0,0,0,3.80,1.27
Lucas Giolito,CWS,27,8,8,0,0,42.1,41,17,59,17,8,3,2,0,0,0,3.61,1.37
MacKenzie Gore,SD,23,8,7,0,0,42.0,31,8,47,14,1,3,1,0,0,1,1.71,1.07
Cristian Javier,HOU,25,10,6,0,0,41.0,29,11,52,15,3,3,2,0,0,0,2.41,1.07
Jon Gray,TEX,30,8,8,0,0,41.0,35,22,44,15,5,1,2,0,0,0,4.83,1.22
Michael Wacha,BOS,30,8,8,0,0,40.2,27,11,27,14,4,3,1,0,0,0,2.43,1.01
Taijuan Walker,NYM,29,8,8,0,0,40.2,39,13,21,13,2,3,1,0,0,0,2.88,1.28
Noah Syndergaard,LAA,29,8,8,0,0,40.1,40,18,27,9,4,4,3,0,0,0,4.02,1.21
Justin Steele,CHC,26,10,10,0,0,40.0,40,24,46,23,2,1,5,0,0,0,5.40,1.58
Aaron Ashby,MIL,24,11,5,0,0,40.0,31,12,51,22,3,1,3,1,0,1,2.70,1.33
Zach Thompson,PIT,28,10,9,0,0,40.0,43,23,31,15,7,2,4,0,0,0,5.18,1.45
Dylan Bundy,MIN,29,8,8,0,0,39.2,44,21,34,8,6,3,2,0,0,0,4.76,1.31
Chris Archer,MIN,33,10,10,0,0,39.1,36,17,32,17,6,0,2,0,0,0,3.89,1.35
Daulton Jefferies,OAK,26,8,8,0,0,39.1,46,25,28,8,4,1,7,0,0,0,5.72,1.37
Rich Hill,BOS,42,9,9,0,0,39.0,39,21,29,11,6,1,3,0,0,0,4.85,1.28
Eduardo Rodriguez,DET,29,8,8,0,0,39.0,35,19,34,17,4,1,3,0,0,0,4.38,1.33
Freddy Peralta,MIL,26,8,8,0,0,38.2,33,19,50,13,1,3,2,0,0,0,4.42,1.19
Jeffrey Springs,TB,29,14,6,0,0,38.1,25,8,40,8,5,2,2,0,0,0,1.88,0.86
Tanner Houck,BOS,25,12,4,0,0,37.2,30,16,33,15,2,3,3,0,0,1,3.82,1.19
Alex Cobb,SF,34,8,8,0,0,37.2,44,24,47,12,3,3,2,0,0,0,5.73,1.49
Steven Matz,STL,31,9,9,0,0,37.1,44,25,44,8,8,3,3,0,0,0,6.03,1.39
Jakob Junis,SF,29,7,5,0,0,37.0,29,11,27,7,4,2,1,0,0,0,2.68,0.97
Vladimir Gutierrez,CIN,26,10,8,0,0,36.2,46,31,29,24,8,1,6,0,0,0,7.61,1.91
Beau Brieske,DET,24,7,7,0,0,36.0,36,21,22,14,10,0,4,0,0,0,5.25,1.39
Vince Velasquez,CWS,29,8,7,0,0,35.2,36,21,33,14,7,2,3,0,0,0,5.30,1.40
Glenn Otto,TEX,26,7,7,0,0,35.1,30,17,29,18,4,3,2,0,0,0,4.33,1.36
Antonio Senzatela,COL,27,8,8,0,0,35.0,61,21,14,8,3,2,3,0,0,0,5.40,1.97
Tylor Megill,NYM,26,7,7,0,0,34.2,30,17,37,9,4,4,2,0,0,0,4.41,1.13
Sonny Gray,MIN,32,7,7,0,0,33.2,23,9,39,10,3,3,1,0,0,0,2.41,0.98
Keegan Akin,BAL,27,14,0,0,0,33.2,18,6,30,9,2,1,1,0,0,1,1.60,0.80
Bailey Ober,MIN,26,7,7,0,0,33.2,36,15,29,7,2,1,2,0,0,0,4.01,1.28
Kyle Bradish,BAL,25,7,7,0,0,33.0,40,25,35,11,8,1,3,0,0,0,6.82,1.55
James Kaprielian,OAK,28,7,7,0,0,32.2,31,22,22,13,7,0,3,0,0,0,6.06,1.35
Ross Stripling,TOR,32,13,5,0,0,32.0,33,15,29,8,3,1,1,1,0,0,4.22,1.28
Dallas Keuchel,CWS,34,8,8,0,0,32.0,49,28,20,20,6,2,5,0,0,0,7.88,2.16
Alex Faedo,DET,26,6,6,0,0,32.0,32,11,21,10,3,1,2,0,0,0,3.09,1.31
Jake Odorizzi,HOU,32,7,7,0,0,31.2,25,11,21,12,1,3,2,0,0,0,3.13,1.17
Aaron Sanchez,WAS,29,7,7,0,0,31.1,47,29,16,8,6,3,3,0,0,0,8.33,1.76
Aaron Civale,CLE,26,7,7,0,0,31.0,38,27,30,9,6,2,3,0,0,0,7.84,1.52
Wil Crowe,PIT,27,20,1,0,0,30.2,18,8,30,13,2,2,2,2,2,3,2.35,1.01
Brady Singer,KC,25,7,4,0,0,30.1,29,14,30,4,5,2,1,0,0,0,4.15,1.09
Clayton Kershaw,LAD,34,5,5,0,0,30.0,19,6,32,3,2,4,0,0,0,0,1.80,0.73
Spenser Watkins,BAL,29,8,8,0,0,30.0,36,20,14,15,5,0,1,0,0,0,6.00,1.70
David Peterson,NYM,26,6,5,0,0,29.2,22,10,23,13,2,2,0,0,0,0,3.03,1.18
Carlos Hernandez,KC,25,7,7,0,0,29.2,44,30,16,20,4,0,3,0,0,0,9.10,2.16
Josh Winder,MIN,25,7,3,0,0,29.1,27,12,23,9,4,2,2,0,0,0,3.68,1.23
Michael King,NYY,27,15,0,0,0,29.0,25,10,38,6,2,2,1,1,2,6,3.10,1.07
Jesus Luzardo,MIA,24,6,6,0,0,29.0,18,13,41,16,4,2,3,0,0,0,4.03,1.17
Bryse Wilson,PIT,24,8,5,0,0,28.2,37,24,24,14,3,0,3,0,0,0,7.53,1.78
Spencer Strider,ATL,23,12,1,0,0,28.2,18,11,44,13,1,1,2,0,1,2,3.45,1.08
Jordan Hicks,STL,25,9,7,0,0,28.2,20,16,29,20,3,1,4,0,0,0,5.02,1.40
Ty Blach,COL,31,14,1,0,0,28.2,33,19,16,8,3,1,0,1,1,0,5.97,1.43
Trevor Williams,NYM,30,9,4,0,0,27.2,27,11,23,6,3,1,3,0,1,0,3.58,1.19
Jaime Barria,LAA,25,9,0,0,0,27.1,19,10,22,7,6,1,0,0,0,0,3.29,0.95
Ryan Yarbrough,TB,30,6,5,0,0,27.0,26,12,20,8,3,0,2,0,0,0,4.00,1.26
Hyun Jin Ryu,TOR,35,6,6,0,0,27.0,31,16,16,4,5,2,0,0,0,0,5.33,1.30
Brock Burke,TEX,25,15,0,0,0,26.2,20,3,31,8,1,3,0,0,0,3,1.01,1.05
Dillon Tate,BAL,28,23,0,0,0,26.2,19,5,20,4,1,0,2,1,0,6,1.69,0.86
Matt Wisler,TB,29,23,3,0,0,26.2,21,7,22,9,4,2,1,1,2,4,2.36,1.13
Jeff Hoffman,CIN,29,19,0,0,0,26.2,22,10,29,13,2,0,0,0,0,1,3.38,1.31
Luis Castillo,CIN,29,5,5,0,0,26.2,19,10,28,8,2,2,2,0,0,0,3.38,1.01
Josh Rogers,WAS,27,16,3,0,0,26.1,24,15,12,11,6,2,2,0,0,1,5.13,1.33
Jimmy Herget,LAA,28,18,1,0,0,26.0,20,8,26,3,2,1,0,1,0,2,2.77,0.88
David Bednar,PIT,27,21,0,0,0,26.0,16,4,35,5,2,2,1,9,1,4,1.38,0.81
George Kirby,SEA,24,5,5,0,0,26.0,27,10,28,3,3,1,1,0,0,0,3.46,1.15
Cody Poteet,MIA,27,11,2,0,0,26.0,16,7,20,11,2,0,1,0,0,1,2.42,1.04
Jorge Lopez,BAL,29,22,0,0,0,25.2,13,3,24,13,0,3,3,6,2,0,1.05,1.01
Dillon Peters,PIT,29,16,4,0,0,25.2,14,11,21,16,1,4,2,0,0,3,3.86,1.17
Clay Holmes,NYY,29,24,0,0,0,25.2,15,1,27,3,0,4,0,7,0,7,0.35,0.70
Griffin Jax,MIN,27,16,0,0,0,25.1,23,9,27,10,3,3,0,1,0,4,3.20,1.30
Nick Nelson,PHI,26,13,0,0,0,25.1,25,12,24,12,1,1,1,0,0,1,4.26,1.46
Andre Pallante,STL,23,17,0,0,0,25.1,25,3,18,10,1,1,0,0,0,4,1.07,1.38
Domingo Acevedo,OAK,28,25,0,0,0,24.2,20,10,20,8,4,0,1,0,3,6,3.65,1.14
Paolo Espino,WAS,35,18,0,0,0,24.2,23,6,17,4,2,0,0,0,0,0,2.19,1.09
Johnny Cueto,CWS,36,4,4,0,0,24.2,24,8,19,7,1,0,2,0,0,0,2.92,1.26
Jhoulys Chacin,COL,34,18,0,0,0,24.2,24,19,20,11,3,3,1,0,0,2,6.93,1.42
Zach Logue,OAK,26,6,5,0,0,24.2,29,15,21,10,7,2,4,0,0,0,5.47,1.58
Connor Overton,CIN,28,4,4,0,0,24.2,15,5,10,7,0,1,0,0,0,0,1.82,0.89
J.P. Feyereisen,TB,29,22,2,0,0,24.1,7,0,25,5,0,4,0,1,1,7,0.00,0.49
Jhoan Duran,MIN,24,18,0,0,0,24.1,14,6,35,4,4,0,1,4,0,6,2.22,0.74
Nabil Crismatt,SD,27,16,1,0,0,24.0,18,5,20,9,0,3,0,0,1,2,1.88,1.13
Devin Smeltzer,MIN,26,4,4,0,0,24.0,16,4,12,4,0,2,0,0,0,0,1.50,0.83
Alexis Diaz,CIN,25,22,0,0,0,24.0,9,3,30,12,1,2,0,1,0,6,1.13,0.88
Scott Effross,CHC,28,24,1,0,0,23.2,21,8,28,5,1,1,1,0,1,5,3.04,1.10
Noe Ramirez,ARI,32,25,0,0,0,23.2,18,10,21,8,3,1,1,0,0,10,3.80,1.10
Eli Morgan,CLE,26,13,1,0,0,23.1,10,6,31,3,2,1,1,0,0,3,2.31,0.56
Matt Foster,CWS,27,24,0,0,0,23.1,18,7,22,7,2,1,0,0,0,5,2.70,1.07
Rony Garcia,DET,24,10,2,0,0,23.0,17,12,29,6,4,0,1,0,0,0,4.70,1.00
A.J. Minter,ATL,28,24,0,0,0,23.0,14,3,34,4,0,1,0,0,0,12,1.17,0.78
Joey Krehbiel,BAL,29,22,0,0,0,23.0,18,7,16,8,3,2,3,0,0,5,2.74,1.13
Kendall Graveman,CWS,31,21,0,0,0,22.2,22,7,19,7,1,1,1,2,3,10,2.78,1.28
Drew Smith,NYM,28,21,0,0,0,22.2,14,6,27,10,3,0,1,0,1,12,2.38,1.06
Adam Cimber,TOR,31,25,0,0,0,22.2,14,5,17,4,2,6,2,3,3,9,1.99,0.79
Kenley Jansen,ATL,34,22,0,0,0,22.2,14,9,32,8,1,3,0,13,3,0,3.57,0.97
John Brebbia,SF,32,23,1,0,0,22.2,21,8,22,6,0,3,0,0,0,3,3.18,1.19
Phil Maton,HOU,29,22,0,0,0,22.2,22,8,15,5,3,0,1,0,1,6,3.18,1.19
Jalen Beeks,TB,28,13,1,0,0,22.2,13,3,27,7,2,1,0,0,0,1,1.19,0.88
Robert Suarez,SD,31,21,0,0,0,22.2,11,8,29,11,4,2,1,1,2,5,3.18,0.97
Oliver Ortega,LAA,25,17,0,0,0,22.1,18,9,18,11,1,1,2,0,0,4,3.63,1.30
Brusdar Graterol,LAD,23,20,0,0,0,22.1,15,7,19,10,1,1,2,0,0,6,2.82,1.12
Chris Paddack,MIN,26,5,5,0,0,22.1,25,10,20,2,0,1,2,0,0,0,4.03,1.21
Matt Moore,TEX,32,15,0,0,0,22.1,20,8,26,16,0,2,0,0,0,1,3.22,1.61
Wily Peralta,DET,33,14,1,0,0,22.1,15,2,20,13,1,2,0,0,0,1,0.81,1.25
Michael Pineda,DET,33,5,5,0,0,22.1,20,8,12,4,4,1,2,0,0,0,3.22,1.07
Victor Arano,WAS,27,23,0,0,0,22.1,23,12,24,4,2,0,0,1,0,3,4.84,1.21
Hector Neris,HOU,32,24,0,0,0,22.1,12,5,24,3,1,1,2,0,0,10,2.01,0.67
Reynaldo Lopez,CWS,28,19,0,0,0,22.0,22,11,16,6,0,4,1,0,1,2,4.50,1.27
Taylor Rogers,SD,31,23,0,0,0,22.0,13,8,26,6,1,0,3,17,3,0,3.27,0.86
Corey Knebel,PHI,30,22,0,0,0,22.0,18,8,20,10,2,1,4,9,3,0,3.27,1.27
Zach Jackson,OAK,27,23,0,0,0,22.0,16,9,29,17,0,1,1,1,1,9,3.68,1.50
Trevor Richards,TOR,29,23,0,0,0,22.0,21,13,27,11,6,2,0,0,0,6,5.32,1.45
Scott Barlow,KC,29,19,0,0,0,22.0,16,4,21,8,3,2,1,5,1,4,1.64,1.09
Felix Bautista,BAL,26,22,0,0,0,22.0,17,5,23,9,3,1,1,2,0,3,2.05,1.18
Tanner Banks,CWS,30,14,0,0,0,21.2,23,11,19,9,3,0,0,0,0,0,4.57,1.48
Bryan Abreu,HOU,25,15,0,0,0,21.2,18,7,30,9,1,3,0,0,0,2,2.91,1.25
Liam Hendriks,CWS,33,21,0,0,0,21.2,21,8,33,7,3,1,2,14,3,0,3.32,1.29
Jason Adam,TB,30,23,0,0,0,21.2,7,2,29,7,0,0,1,1,0,6,0.83,0.65
Erasmo Ramirez,WAS,32,17,0,0,0,21.2,27,9,17,3,3,1,0,0,0,0,3.74,1.38
Ryan Tepera,LAA,34,22,0,0,0,21.2,12,10,17,11,3,1,1,1,3,12,4.15,1.06
Edwin Diaz,NYM,28,22,0,0,0,21.2,16,6,40,10,3,2,1,11,3,0,2.49,1.20
Hoby Milner,MIL,31,23,0,0,0,21.1,19,7,15,5,1,2,1,0,0,1,2.95,1.13
Bryan Baker,BAL,27,20,2,0,0,21.1,25,13,23,7,1,1,3,0,1,1,5.48,1.50
Joel Payamps,KC,28,14,0,0,0,21.1,24,7,17,7,0,1,1,0,0,0,2.95,1.45
Austin Davis,BOS,29,21,1,0,0,21.1,17,4,23,10,2,1,1,0,1,2,1.69,1.27
Zack Littell,SF,26,18,0,0,0,21.1,23,11,19,2,5,1,1,0,0,2,4.64,1.17
Seth Lugo,NYM,32,21,0,0,0,21.1,18,8,21,5,2,0,1,2,1,9,3.38,1.08
Nick Wittgren,STL,31,23,0,0,0,21.1,25,12,10,9,1,0,0,1,0,4,5.06,1.59
Luis Cessa,CIN,30,19,1,0,0,21.0,22,12,17,4,3,2,1,0,0,3,5.14,1.24
Joe Mantiply,ARI,31,24,0,0,0,21.0,17,1,18,1,0,1,0,2,1,6,0.43,0.86
Caleb Smith,ARI,30,15,1,0,0,21.0,18,14,20,15,7,0,1,0,0,1,6.00,1.57
Evan Phillips,LAD,27,19,0,0,0,21.0,14,6,25,6,2,1,2,0,2,4,2.57,0.95
Tyler Kinley,COL,31,22,0,0,0,21.0,19,2,23,5,0,1,1,0,0,9,0.86,1.14
Genesis Cabrera,STL,25,19,0,0,0,21.0,15,5,16,7,4,2,1,0,0,7,2.14,1.05
Tyler Rogers,SF,31,22,0,0,0,21.0,25,14,12,6,0,0,1,0,1,8,6.00,1.48
A.J. Puk,OAK,27,17,0,0,0,21.0,17,3,19,5,1,1,0,0,0,4,1.29,1.05
Yimi Garcia,TOR,31,22,0,0,0,21.0,15,7,18,5,2,0,3,0,2,11,3.00,0.95
Collin McHugh,ATL,34,19,0,0,0,21.0,20,9,21,5,1,0,1,0,2,4,3.86,1.19
John King,TEX,27,21,0,0,0,21.0,21,7,17,9,1,1,1,0,2,6,3.00,1.43
Mychal Givens,CHC,32,21,0,0,0,20.2,18,8,28,7,5,4,0,1,2,4,3.48,1.21
Anthony Bass,MIA,34,20,0,0,0,20.2,15,5,20,5,1,1,2,0,1,8,2.18,0.97
Rafael Montero,HOU,31,22,0,0,0,20.2,12,1,23,5,1,3,0,3,0,6,0.44,0.82
Dany Jimenez,OAK,28,21,0,0,0,20.2,15,9,22,10,0,2,3,10,1,2,3.92,1.21
Camilo Doval,SF,24,21,0,0,0,20.2,19,8,25,9,2,0,2,8,2,0,3.48,1.35
Alex Lange,DET,26,23,0,0,0,20.2,11,4,26,8,0,3,1,0,0,7,1.74,0.92
Mitch White,LAD,27,8,3,0,0,20.2,17,11,22,8,3,1,1,0,0,0,4.79,1.21
Emmanuel Clase,CLE,24,22,0,0,0,20.1,15,5,23,4,1,1,2,8,2,0,2.21,0.93
Ashton Goudeau,COL,29,12,0,0,0,20.1,25,16,16,10,3,1,0,1,0,0,7.08,1.72
Dylan Coleman,KC,25,20,0,0,0,20.1,13,9,24,17,3,1,1,0,0,1,3.98,1.48
Jordan Romano,TOR,29,22,0,0,0,20.1,17,6,25,7,2,1,2,16,2,1,2.66,1.18
Tyler Duffey,MIN,31,20,0,0,0,20.1,21,10,19,5,3,2,3,1,3,7,4.43,1.28
Luis Garcia,SD,35,21,0,0,0,20.1,19,6,21,6,0,4,2,0,1,10,2.66,1.23
Daniel Bard,COL,36,19,0,0,0,20.1,11,6,25,11,2,3,2,11,2,0,2.66,1.08
Ian Kennedy,ARI,37,22,0,0,0,20.1,22,8,16,9,3,3,3,3,2,7,3.54,1.52
Chris Stratton,PIT,31,21,0,0,0,20.1,24,9,21,6,1,2,2,2,3,6,3.98,1.48
Steve Cishek,WAS,35,23,0,0,0,20.1,21,10,23,9,2,0,1,0,1,3,4.43,1.48
David Phelps,TOR,35,22,0,0,0,20.0,13,5,18,10,0,0,1,1,1,5,2.25,1.15
T.J. McFarland,STL,32,18,0,0,0,20.0,29,17,12,6,4,0,0,0,0,1,7.65,1.75
Devin Williams,MIL,27,22,0,0,0,20.0,14,7,35,13,0,2,0,4,0,12,3.15,1.35
Brent Suter,MIL,32,17,0,0,0,20.0,23,12,12,9,2,1,0,0,0,1,5.40,1.60
Kyle Finnegan,WAS,30,22,0,0,0,20.0,20,9,23,7,2,1,1,0,0,8,4.05,1.35
Matt Brash,SEA,24,5,5,0,0,20.0,24,17,19,17,3,1,3,0,0,0,7.65,2.05
Rowan Wick,CHC,29,20,0,0,0,20.0,23,8,23,10,1,1,1,4,0,3,3.60,1.65
Seranthony Dominguez,PHI,27,20,0,0,0,19.2,13,4,24,7,0,2,1,0,0,7,1.83,1.02
Tyler Danish,BOS,27,14,0,0,0,19.2,16,8,20,3,3,1,0,0,0,0,3.66,0.97
Josh Staumont,KC,28,21,0,0,0,19.2,19,8,27,10,1,2,1,3,3,2,3.66,1.47
Matt Bush,TEX,36,22,2,0,0,19.2,16,7,27,5,4,2,1,1,2,6,3.20,1.07
David Robertson,CHC,37,18,0,0,0,19.1,8,4,26,9,1,1,0,7,2,0,1.86,0.88
Brad Boxberger,MIL,34,20,0,0,0,19.1,15,6,18,5,2,1,1,0,4,11,2.79,1.03
Will Smith,ATL,32,21,0,0,0,19.1,14,8,18,10,4,0,1,2,2,5,3.72,1.24
Chase De Jong,PIT,28,10,0,0,0,19.1,11,4,11,6,3,2,0,0,0,1,1.86,0.88
Jarlin Garcia,SF,29,19,0,0,0,19.1,11,5,14,7,3,1,2,0,1,1,2.33,0.93
Aaron Loup,LAA,34,22,0,0,0,19.1,17,10,21,5,2,0,2,0,3,7,4.66,1.14
Caleb Thielbar,MIN,35,22,0,0,0,19.1,16,12,23,10,2,1,0,0,0,5,5.59,1.34
Tanner Scott,MIA,27,22,0,0,0,19.1,15,11,29,12,2,0,1,2,0,1,5.12,1.40
Paul Sewald,SEA,32,19,0,0,0,19.1,10,5,19,6,2,2,1,3,2,3,2.33,0.83
Jonathan Heasley,KC,25,4,4,0,0,19.1,18,10,10,16,3,0,2,0,0,0,4.66,1.76
Bryce Elder,ATL,23,4,4,0,0,19.0,18,10,12,14,3,1,3,0,0,0,4.74,1.68
Cole Sulser,MIA,32,22,0,0,0,19.0,17,10,22,9,2,0,3,2,3,5,4.74,1.37
Jacob Barnes,DET,32,20,0,0,0,19.0,18,12,10,8,3,3,1,0,1,3,5.68,1.37
Trevor Gott,MIL,29,20,0,0,0,19.0,16,7,20,3,2,1,0,0,1,7,3.32,1.00
Taylor Clarke,KC,29,20,0,0,0,19.0,27,12,14,0,4,1,1,1,2,3,5.68,1.42
Joe Jimenez,DET,27,20,0,0,0,19.0,12,6,22,5,2,2,0,0,0,3,2.84,0.89
Jeurys Familia,PHI,32,21,0,0,0,19.0,20,8,18,8,3,1,0,0,2,5,3.79,1.47
Will Vest,DET,26,16,0,0,0,19.0,7,4,25,5,2,0,1,1,0,0,1.89,0.63
Craig Stammen,SD,38,17,0,0,0,18.2,17,5,16,1,3,0,0,0,1,2,2.41,0.96
Adam Ottavino,NYM,36,22,0,0,0,18.2,17,8,27,9,2,2,1,0,2,6,3.86,1.39
Hunter Strickland,CIN,33,20,0,0,0,18.2,17,11,17,15,1,0,1,1,0,2,5.30,1.71
Jose Ruiz,CWS,27,21,0,0,0,18.2,17,10,21,14,3,0,0,0,0,9,4.82,1.66
Michael Fulmer,DET,29,19,0,0,0,18.2,12,6,18,9,1,2,2,1,2,6,2.89,1.13
Austin Voth,WAS,29,19,0,0,0,18.2,34,21,18,6,4,0,0,0,0,1,10.13,2.14
Ryan Helsley,STL,27,16,0,0,0,18.2,4,1,28,5,0,2,0,3,1,4,0.48,0.48
Giovanny Gallegos,STL,30,19,0,0,0,18.2,17,8,23,4,2,0,2,8,3,1,3.86,1.13
Art Warren,CIN,29,20,0,0,0,18.1,18,14,18,10,4,2,2,3,3,2,6.87,1.53
Ronald Bolanos,KC,25,8,0,0,0,18.1,20,9,12,12,2,0,0,0,0,0,4.42,1.75
Josh Fleming,TB,26,6,2,0,0,18.1,27,13,17,9,2,2,3,0,0,0,6.38,1.96
Joe Barlow,TEX,26,18,0,0,0,18.1,12,5,17,6,3,1,1,9,1,0,2.45,0.98
Chasen Shreve,NYM,31,18,0,0,0,18.1,16,9,21,5,3,1,1,0,1,3,4.42,1.15
Brett Martin,TEX,27,22,0,0,0,18.1,20,9,16,6,1,0,4,0,1,3,4.42,1.42
Mark Melancon,ARI,37,21,0,0,0,18.1,26,12,11,5,1,1,5,11,1,0,5.89,1.69
Ryan Brasier,BOS,34,21,0,0,0,18.1,22,11,19,3,5,0,2,0,1,4,5.40,1.36
Daniel Hudson,LAD,35,18,0,0,0,18.1,11,4,22,3,1,2,3,4,0,7,1.96,0.76
Collin Snider,KC,26,23,0,0,0,18.1,21,13,12,8,2,3,2,0,1,6,6.38,1.58
Louis Head,MIA,32,17,0,0,0,18.0,19,11,19,9,2,0,0,1,0,1,5.50,1.56
Jake Diekman,BOS,35,22,0,0,0,18.0,15,7,25,13,3,1,0,1,3,9,3.50,1.56
Daniel Norris,CHC,29,16,1,0,0,18.0,9,11,23,11,4,0,3,0,0,2,5.50,1.11
Dominic Leone,SF,30,19,0,0,0,18.0,20,6,22,3,3,3,0,1,1,4,3.00,1.28
J.B. Wendelken,ARI,29,19,0,0,0,18.0,19,12,10,8,3,1,1,0,0,1,6.00,1.50
Sam Moll,OAK,30,21,0,0,0,18.0,10,3,24,10,1,2,0,0,0,5,1.50,1.11
Ryan Thompson,TB,29,21,0,0,0,18.0,20,13,14,6,4,1,2,3,3,3,6.50,1.44
Diego Castillo,SEA,28,20,0,0,0,18.0,20,13,20,8,1,2,0,2,0,1,6.50,1.56
Gabe Speier,KC,27,15,1,0,0,18.0,15,5,14,4,2,0,1,0,0,2,2.50,1.06
Jackson Stephens,ATL,28,12,0,0,0,18.0,15,5,19,5,2,1,2,1,1,1,2.50,1.11
Emilio Pagan,MIN,31,18,0,0,0,18.0,15,6,22,11,5,1,2,7,3,1,3.00,1.44
Trevor Stephan,CLE,26,19,0,0,0,18.0,16,8,18,5,0,2,2,1,1,3,4.00,1.17
Andrew Kittredge,TB,32,15,0,0,0,18.0,13,6,13,1,4,3,1,5,2,0,3.00,0.78
Gregory Soto,DET,27,19,0,0,0,17.2,13,4,14,8,1,2,2,10,1,1,2.04,1.19
Jose Suarez,LAA,24,5,4,0,0,17.2,21,12,16,12,4,0,2,0,0,0,6.11,1.87
Dennis Santana,TEX,26,19,0,0,0,17.2,8,3,9,2,0,2,2,1,0,7,1.53,0.57
Roansy Contreras,PIT,22,5,2,0,0,17.2,12,5,18,6,2,1,0,0,0,1,2.55,1.02
Graham Ashcraft,CIN,24,3,3,0,0,17.2,12,3,9,5,1,2,0,0,0,0,1.53,0.96
Joely Rodriguez,NYM,30,21,0,0,0,17.2,12,9,21,11,1,0,2,0,0,7,4.58,1.30
Adam Kolarek,OAK,33,15,0,0,0,17.2,20,9,9,8,1,0,1,0,0,0,4.58,1.58
Penn Murfee,SEA,28,16,0,0,0,17.2,8,2,21,5,0,1,0,0,0,0,1.02,0.74
Steven Wilson,SD,27,18,0,0,0,17.2,15,10,19,7,4,3,1,1,2,5,5.09,1.25
Alex Colome,COL,33,18,0,0,0,17.1,21,6,9,7,0,1,0,2,1,3,3.12,1.62
Colin Poche,TB,28,19,0,0,0,17.1,11,3,14,5,3,1,0,3,1,8,1.56,0.92
Tony Santillan,CIN,25,17,0,0,0,17.1,18,9,20,9,1,0,0,4,1,4,4.67,1.56
Wandy Peralta,NYY,30,15,0,0,0,17.1,13,4,11,6,0,1,0,1,1,2,2.08,1.10
Mark Leiter,CHC,31,7,3,0,0,17.1,15,12,16,9,2,1,1,0,0,0,6.23,1.38
Konnor Pilkington,CLE,24,6,3,0,0,17.0,17,5,23,10,0,1,0,0,0,0,2.65,1.59
Ryan Feltner,COL,25,3,3,0,0,17.0,14,7,20,5,2,1,1,0,0,0,3.71,1.12
Hirokazu Sawamura,BOS,34,19,0,0,0,17.0,14,6,14,6,1,0,1,0,0,1,3.18,1.18
Ryne Stanek,HOU,30,19,0,0,0,17.0,7,2,14,9,1,0,0,1,0,3,1.06,0.94
Matt Barnes,BOS,31,20,0,0,0,17.0,17,15,14,12,2,0,3,2,1,0,7.94,1.71
Garrett Richards,TEX,34,13,2,0,0,17.0,12,8,15,8,2,1,1,0,0,0,4.24,1.18
Joe Smith,MIN,38,21,0,0,0,17.0,16,3,11,4,1,1,1,0,1,10,1.59,1.18
Raisel Iglesias,LAA,32,20,0,0,0,17.0,12,7,24,4,3,1,3,11,1,0,3.71,0.94
Hansel Robles,BOS,31,16,0,0,0,17.0,12,5,11,6,3,1,1,2,3,6,2.65,1.06
Bennett Sousa,CWS,27,21,0,0,0,17.0,18,13,11,9,2,2,0,1,1,4,6.88,1.59
Mike Mayers,LAA,30,15,0,0,0,16.2,18,10,14,6,4,1,0,0,1,1,5.40,1.44
Josh Hader,MIL,28,18,0,0,0,16.2,4,0,26,6,0,0,0,18,0,0,0.00,0.60
Jonathan Loaisiga,NYY,27,18,0,0,0,16.2,16,13,18,10,3,1,2,0,1,6,7.02,1.56
Michael Rucker,CHC,28,10,0,0,0,16.2,14,7,18,6,2,0,0,0,0,1,3.78,1.20
Cionel Perez,BAL,26,20,0,0,0,16.2,15,2,17,9,1,4,0,0,0,4,1.08,1.44
Kyle Nelson,ARI,25,17,0,0,0,16.1,14,3,18,2,0,1,0,0,0,5,1.65,0.98
Cody Stashak,MIN,28,11,0,0,0,16.1,16,7,15,0,1,3,0,0,0,1,3.86,0.98
Reiver Sanmartin,CIN,26,5,4,0,0,16.1,28,25,10,9,4,0,4,0,0,0,13.78,2.27
Andres Munoz,SEA,23,18,0,0,0,16.1,18,9,23,6,3,1,2,1,2,3,4.96,1.47
Matt Festa,SEA,29,16,0,0,0,16.1,15,10,25,5,5,0,0,0,0,3,5.51,1.22
Trent Thornton,TOR,28,11,0,0,0,16.1,12,6,12,9,0,0,2,0,0,0,3.31,1.29
Andrew Bellatti,PHI,30,18,0,0,0,16.1,14,7,23,8,4,1,2,0,0,1,3.86,1.35
Tanner Rainey,WAS,29,16,0,0,0,16.1,12,4,18,6,0,1,1,6,2,1,2.20,1.10
Jacob Lemoine,OAK,28,9,0,0,0,16.1,18,14,13,7,4,0,0,0,0,0,7.71,1.53
Chase Silseth,LAA,22,4,4,0,0,16.1,17,9,11,7,4,1,2,0,0,0,4.96,1.47
Jake Woodford,STL,25,8,0,0,0,16.0,13,4,10,6,1,1,0,0,0,0,2.25,1.19
Sam Hentges,CLE,25,15,0,0,0,16.0,8,2,19,2,0,0,0,0,0,0,1.13,0.63
Chris Martin,CHC,36,18,0,0,0,16.0,20,7,21,4,2,0,0,0,1,2,3.94,1.50
Blake Taylor,HOU,26,19,0,0,0,16.0,15,7,9,10,1,1,1,0,0,4,3.94,1.56
Wade Miley,CHC,35,3,3,0,0,16.0,12,6,10,7,0,1,0,0,0,0,3.38,1.19
Bryan Shaw,CLE,34,21,0,0,0,16.0,13,8,13,7,3,1,0,0,0,3,4.50,1.25
Craig Kimbrel,LAD,34,17,0,0,0,16.0,15,8,22,6,1,0,1,11,1,0,4.50,1.31
Elvin Rodriguez,DET,24,4,3,0,0,16.0,20,18,14,7,6,0,1,0,0,0,10.13,1.69
Ralph Garza,TB,28,9,0,0,0,15.2,17,8,9,7,2,0,1,0,1,0,4.60,1.53
Drew Hutchison,DET,31,10,0,0,0,15.2,12,8,15,12,1,0,3,0,0,0,4.60,1.53
Phil Bickford,LAD,26,17,0,0,0,15.2,15,6,13,3,2,0,0,0,0,1,3.45,1.15
Carlos Estevez,COL,29,19,0,0,0,15.2,18,11,11,7,4,1,2,0,1,2,6.32,1.60
Steven Okert,MIA,30,21,0,0,0,15.2,7,4,23,9,1,2,0,0,1,7,2.30,1.02
Jason Foley,DET,26,13,0,0,0,15.2,17,5,7,2,0,0,0,0,0,0,2.87,1.21
Robert Gsellman,CHC,28,8,0,0,0,15.1,17,8,9,3,2,0,2,1,1,0,4.70,1.30
Justin Grimm,OAK,32,15,0,0,0,15.1,18,7,11,7,1,0,0,0,0,3,4.11,1.63
James Norwood,PHI,28,18,0,0,0,15.1,18,13,19,8,2,1,0,0,0,1,7.63,1.70
Tucker Davidson,ATL,26,4,3,0,0,15.1,15,11,10,13,0,1,2,0,0,0,6.46,1.83
Aaron Bummer,CWS,28,17,0,0,0,15.1,17,6,18,8,1,0,1,1,1,8,3.52,1.63
Chad Green,NYY,31,14,0,0,0,15.0,13,5,16,5,1,1,1,1,3,3,3.00,1.20
Matt Strahm,BOS,30,19,0,0,0,15.0,13,7,17,4,0,2,2,1,1,4,4.20,1.13
Bailey Falter,PHI,25,6,2,0,0,15.0,17,7,9,5,3,0,2,0,0,0,4.20,1.47
Nick Sandlin,CLE,25,15,0,0,0,15.0,9,5,9,15,2,4,2,0,0,4,3.00,1.60
Alex Vesia,LAD,26,19,0,0,0,15.0,13,6,20,4,1,0,0,0,0,6,3.60,1.13
Blake Snell,SD,29,3,3,0,0,15.0,8,8,18,8,2,0,2,0,0,0,4.80,1.07
Brad Hand,PHI,32,22,0,0,0,15.0,12,2,17,9,0,1,1,1,0,5,1.20,1.40
Miguel Castro,NYY,27,19,0,0,0,14.2,12,5,15,9,1,2,0,0,0,6,3.07,1.43
Sean Poppen,ARI,28,14,0,0,0,14.2,8,4,11,8,1,1,0,0,1,2,2.45,1.09
Justin Lawrence,COL,27,14,0,0,0,14.2,15,9,20,12,1,1,1,0,0,2,5.52,1.84
Nick Lodolo,CIN,24,3,3,0,0,14.2,18,9,19,5,3,1,2,0,0,0,5.52,1.57
Julian Merryweather,TOR,30,16,0,0,0,14.2,18,11,14,2,2,0,2,0,1,1,6.75,1.36
Clarke Schmidt,NYY,26,8,0,0,0,14.2,8,2,12,6,1,3,2,0,0,0,1.23,0.95
Adam Oller,OAK,27,4,4,0,0,14.2,21,20,11,11,6,0,3,0,0,0,12.27,2.18
Corbin Martin,ARI,26,5,0,0,0,14.1,15,7,14,6,0,0,0,0,0,0,4.40,1.47
Drew Steckenrider,SEA,31,16,0,0,0,14.1,21,9,10,5,2,0,2,2,2,4,5.65,1.81
John Schreiber,BOS,28,14,0,0,0,14.1,7,2,15,2,1,2,0,1,0,5,1.26,0.63
Tyler Gilbert,ARI,28,3,2,0,0,14.1,12,8,12,4,5,0,2,0,0,0,5.02,1.12
Drew VerHagen,STL,31,10,0,0,0,14.1,10,5,9,9,2,3,0,0,0,1,3.14,1.33
Jesse Chavez,ATL,38,13,1,0,0,14.1,20,6,19,2,1,0,1,0,0,0,3.77,1.53
Aroldis Chapman,NYY,34,17,0,0,0,14.0,13,6,15,10,2,0,2,9,0,0,3.86,1.64
Brooks Raley,TB,33,17,0,0,0,14.0,9,4,17,5,0,1,0,3,1,5,2.57,1.00
Carl Edwards,WAS,30,12,0,0,0,14.0,5,3,13,7,0,0,1,0,1,2,1.93,0.86
Mike Clevinger,SD,31,3,3,0,0,14.0,11,5,15,5,1,1,0,0,0,0,3.21,1.14
Erik Swanson,SEA,28,13,0,0,0,14.0,10,2,21,1,2,0,0,0,0,3,1.29,0.79
Anthony Bender,MIA,27,16,0,0,0,14.0,17,7,13,5,3,1,3,6,2,1,4.50,1.57
Dauri Moreta,CIN,26,15,1,0,0,13.2,15,15,16,6,7,0,1,0,0,1,9.88,1.54
Jhonathan Diaz,LAA,25,3,2,0,0,13.2,8,2,10,8,1,1,0,0,0,0,1.32,1.17
Enyel De Los Santos,CLE,26,13,0,0,0,13.2,6,4,19,5,0,0,0,0,0,1,2.63,0.80
Anthony Misiewicz,SEA,27,17,0,0,0,13.2,14,7,8,6,1,0,1,0,0,3,4.61,1.46
Amir Garrett,KC,30,16,0,0,0,13.2,4,7,16,11,0,1,0,0,0,1,4.61,1.10
Jose Alvarez,SF,33,19,0,0,0,13.2,13,7,13,9,1,2,1,0,1,1,4.61,1.61
Heath Hembree,PIT,33,17,0,0,0,13.1,15,12,10,9,5,2,0,0,1,2,8.10,1.80
Robert Stephenson,COL,29,16,0,0,0,13.1,16,8,11,8,2,0,0,0,0,2,5.40,1.80
Anthony DeSclafani,SF,32,3,3,0,0,13.1,22,9,13,2,2,0,1,0,0,0,6.08,1.80
Cristopher Sanchez,PHI,25,6,1,0,0,13.1,10,8,12,6,2,0,1,0,0,1,5.40,1.20
Kris Bubic,KC,24,6,5,0,0,13.1,19,19,10,11,5,0,3,0,0,0,12.83,2.25
Andres Machado,WAS,29,12,0,0,0,13.1,14,8,10,7,0,0,0,0,0,0,5.40,1.58
Matthew Liberatore,STL,22,3,3,0,0,13.0,15,8,10,8,4,1,1,0,0,0,5.54,1.77
Jose Alvarado,PHI,27,17,0,0,0,13.0,16,11,17,10,1,0,1,0,0,5,7.62,2.00
Tim Mayza,TOR,30,15,0,0,0,13.0,11,3,13,2,1,2,0,0,1,7,2.08,1.00
Ryan Pressly,HOU,33,14,0,0,0,13.0,13,4,10,4,1,1,1,10,2,0,2.77,1.31
Jandel Gustave,MIL,29,12,0,0,0,13.0,13,8,15,5,3,0,0,0,0,1,5.54,1.38
Justin Bruihl,LAD,24,14,0,0,0,13.0,9,3,9,3,1,1,1,0,0,3,2.08,0.92
Kodi Whitley,STL,27,14,0,0,0,12.2,11,8,12,9,2,2,0,0,0,1,5.68,1.58
Darren O'Day,ATL,39,15,0,0,0,12.2,11,6,14,5,2,1,0,0,1,3,4.26,1.26
Jake McGee,SF,35,13,0,0,0,12.1,16,11,8,4,1,1,1,2,2,1,8.03,1.62
Andrew Chafin,DET,31,16,0,0,0,12.1,13,4,13,3,0,0,1,1,0,6,2.92,1.30
Lucas Luetge,NYY,35,17,0,0,0,12.1,15,8,14,5,1,1,2,0,0,4,5.84,1.62
Duane Underwood,PIT,27,8,0,0,0,12.1,11,4,14,5,0,0,1,0,0,2,2.92,1.30
Danny Coulombe,MIN,32,10,0,0,0,12.1,7,2,9,9,0,0,0,0,0,0,1.46,1.30
Tyler Alexander,DET,27,4,4,0,0,12.1,17,12,9,5,3,0,3,0,0,0,8.76,1.78
Lou Trivino,OAK,30,18,0,0,0,12.1,14,10,20,7,1,1,3,2,1,1,7.30,1.70
Phillips Valdez,BOS,30,10,0,0,0,12.1,7,8,13,5,0,0,1,0,0,0,5.84,0.97
Sam Long,SF,26,10,3,0,0,12.1,9,4,9,6,1,0,1,0,0,0,2.92,1.22
Lucas Gilbreath,COL,26,15,0,0,0,12.0,11,10,12,10,1,0,0,0,1,1,7.50,1.75
Paul Fry,BAL,29,12,0,0,0,12.0,9,8,12,7,1,0,0,0,0,1,6.00,1.33
Anthony Banda,PIT,28,15,0,0,0,12.0,20,7,14,4,2,1,0,0,0,1,5.25,2.00
Buck Farmer,CIN,31,10,0,0,0,12.0,15,9,17,7,2,0,0,0,0,0,6.75,1.83
Packy Naughton,STL,26,7,2,0,0,11.2,12,4,12,1,2,0,1,0,0,0,3.09,1.11
Joel Kuhnel,CIN,27,9,0,0,0,11.2,9,1,14,2,0,0,0,0,0,0,0.77,0.94
Ryan Pepiot,LAD,24,3,3,0,0,11.1,6,4,13,11,1,0,0,0,0,0,3.18,1.50
Archie Bradley,LAA,29,12,0,0,0,11.1,12,7,9,2,1,0,0,1,1,3,5.56,1.24
Richard Bleier,MIA,35,14,1,0,0,11.1,16,7,7,3,1,0,1,0,0,2,5.56,1.68
Anthony Gose,CLE,31,12,0,0,0,11.1,8,6,14,6,2,1,0,0,1,0,4.76,1.24
Kirby Snead,OAK,27,14,0,0,0,11.1,20,11,8,7,1,0,0,0,1,4,8.74,2.38
Seth Martinez,HOU,27,6,0,0,0,11.0,5,0,8,4,0,0,0,0,0,0,0.00,0.82
Yency Almonte,LAD,28,7,0,0,0,11.0,8,2,11,5,1,0,0,0,1,1,1.64,1.18
Mike Baumann,BAL,26,6,0,0,0,11.0,11,6,8,6,1,1,2,0,0,0,4.91,1.55
Tyler Matzek,ATL,31,13,0,0,0,10.2,6,6,10,9,1,0,1,0,0,6,5.06,1.41
Kutter Crawford,BOS,26,8,0,0,0,10.2,15,10,14,8,2,1,1,0,0,0,8.44,2.16
Colin Holderman,NYM,26,8,0,0,0,10.2,8,1,13,1,0,2,0,0,0,0,0.84,0.84
Davis Martin,CWS,25,2,2,0,0,10.1,10,5,8,4,1,0,2,0,0,0,4.35,1.35
David Price,LAD,36,10,0,0,0,10.1,13,4,15,2,2,0,0,0,1,2,3.48,1.45
Andrew Heaney,LAD,30,2,2,0,0,10.1,4,0,16,3,0,1,0,0,0,0,0.00,0.68
Travis Lakins,BAL,27,6,0,0,0,10.1,14,11,8,6,3,0,1,0,0,0,9.58,1.94
Luis Perdomo,MIL,29,7,0,0,0,10.1,9,2,3,2,1,1,0,0,0,1,1.74,1.06
Miguel Yajure,PIT,24,6,0,0,0,10.1,16,13,4,6,1,1,0,0,0,0,11.32,2.13
Tim Hill,SD,32,14,0,0,0,10.1,11,7,4,3,0,0,0,0,0,5,6.10,1.35
Casey Mize,DET,25,2,2,0,0,10.0,13,6,4,2,1,0,1,0,0,0,5.40,1.50
Stephen Nogosek,NYM,27,5,0,0,0,10.0,6,1,8,4,1,0,0,0,0,0,0.90,1.00
Kyle Crick,CWS,29,10,0,0,0,10.0,7,4,11,8,0,1,0,0,0,2,3.60,1.50
Kolby Allard,TEX,24,5,0,0,0,10.0,9,6,7,3,3,0,2,0,0,0,5.40,1.20
Sean Reid-Foley,NYM,26,7,0,0,0,10.0,7,6,8,7,1,0,0,0,0,0,5.40,1.40
Phoenix Sanders,TB,26,5,0,0,0,10.0,8,2,9,2,0,0,0,0,0,0,1.80,1.00
Tommy Nance,MIA,31,8,0,0,0,10.0,10,4,15,4,1,0,0,0,0,0,3.60,1.40
Beau Sulser,PIT,28,4,0,0,0,9.2,8,4,10,6,1,0,0,0,0,0,3.72,1.45
Brandon Hughes,CHC,26,7,0,0,0,9.2,7,4,12,2,2,0,0,0,1,0,3.72,0.93
Tyler Beede,SF,29,6,0,0,0,9.2,14,5,4,6,1,0,0,0,0,0,4.66,2.07
Tyler Thornburg,ATL,33,9,0,0,0,9.1,12,4,10,5,0,0,0,0,0,0,3.86,1.82
Aaron Brooks,STL,32,5,0,0,0,9.1,11,8,7,2,3,0,0,0,0,0,7.71,1.39
Connor Brogdon,PHI,27,11,0,0,0,9.1,10,3,13,5,1,0,0,0,0,0,2.89,1.61
Yunior Marte,SF,27,9,0,0,0,9.1,10,8,7,6,1,0,0,0,0,0,7.71,1.71
Ryan Burr,CWS,28,8,0,0,0,9.0,8,6,7,4,3,1,1,0,0,1,6.00,1.33
Kyle Barraclough,LAA,32,8,0,0,0,9.0,7,3,9,4,0,0,1,0,0,2,3.00,1.22
Adonis Medina,NYM,25,5,0,0,0,8.2,11,5,7,0,1,1,0,0,0,0,5.19,1.27
Albert Abreu,TEX,26,7,0,0,0,8.2,4,3,9,12,2,0,0,0,0,0,3.12,1.85
Wyatt Mills,SEA,27,8,0,0,0,8.2,5,4,6,3,0,0,0,0,0,0,4.15,0.92
Aaron Fletcher,PIT,26,8,0,0,0,8.2,10,9,6,3,2,0,1,0,0,0,9.35,1.50
Jharel Cotton,MIN,30,5,0,0,0,8.2,5,1,9,6,0,1,1,0,0,0,1.04,1.27
Trevor Megill,MIN,28,5,0,0,0,8.2,5,1,12,3,1,1,1,0,0,0,1.04,0.92
Sergio Romo,SEA,39,9,0,0,0,8.2,9,6,5,2,3,0,0,0,0,3,6.23,1.27
Trevor May,NYM,32,8,0,0,0,8.1,13,8,5,3,2,1,0,1,0,2,8.64,1.92
Josh Sborz,TEX,28,8,0,0,0,8.1,10,10,12,6,2,0,0,0,0,0,10.80,1.92
Yohan Ramirez,SEA,27,7,0,0,0,8.1,7,7,10,6,3,1,0,0,1,0,7.56,1.56
Dinelson Lamet,SD,29,10,0,0,0,8.1,10,9,10,7,2,0,1,0,0,1,9.72,2.04
Dylan Floro,MIA,31,9,0,0,0,8.1,9,5,1,3,1,0,0,0,0,0,5.40,1.44
Austin Warren,LAA,26,7,0,0,0,8.1,8,4,5,5,1,2,0,0,1,0,4.32,1.56
Jake Cousins,MIL,27,8,0,0,0,8.0,8,4,13,5,1,2,1,0,1,0,4.50,1.63
Matt Manning,DET,24,2,2,0,0,8.0,6,2,4,0,1,0,0,0,0,0,2.25,0.75
John Means,BAL,29,2,2,0,0,8.0,8,3,7,2,0,0,0,0,0,0,3.38,1.25
Reyes Moronta,LAD,29,7,0,0,0,8.0,8,2,7,3,0,0,0,0,0,0,2.25,1.38
Cole Sands,MIN,24,3,1,0,0,8.0,9,7,10,4,2,0,1,0,0,0,7.88,1.63
Jose Urena,MIL,30,4,0,0,0,7.2,7,3,3,5,1,0,0,0,0,0,3.52,1.57
Mauricio Llovera,SF,26,9,1,0,0,7.2,10,5,9,2,2,0,0,0,0,0,5.87,1.57
Denyi Reyes,BAL,25,3,1,0,0,7.2,8,2,3,1,0,0,0,0,0,0,2.35,1.17
Ethan Roberts,CHC,24,9,0,0,0,7.2,10,7,9,6,3,0,1,0,0,1,8.22,2.09
Yennier Cano,MIN,28,6,0,0,0,7.1,12,11,7,4,2,1,0,0,0,0,13.50,2.18
Dylan Lee,ATL,27,5,0,0,0,7.1,4,1,6,2,0,0,0,0,0,0,1.23,0.82
Anderson Severino,CWS,27,6,0,0,0,7.1,7,5,9,4,0,0,0,0,0,0,6.14,1.50
Ron Marinaccio,NYY,26,7,0,0,0,7.1,6,5,11,4,0,0,0,0,0,1,6.14,1.36
Jason Alexander,MIL,29,1,1,0,0,7.0,7,2,3,3,0,0,0,0,0,0,2.57,1.43
Jimmy Lambert,CWS,27,3,2,0,0,7.0,8,4,7,4,1,0,2,0,0,0,5.14,1.71
JP Sears,NYY,26,3,1,0,0,7.0,5,0,7,3,0,2,0,0,0,0,0.00,1.14
Spencer Patton,TEX,34,7,0,0,0,7.0,4,3,5,3,1,0,0,0,0,1,3.86,1.00
Huascar Ynoa,ATL,24,2,2,0,0,6.2,11,10,8,6,2,0,2,0,0,0,13.50,2.55
Shawn Armstrong,MIA,31,7,0,0,0,6.2,10,8,5,3,1,0,0,0,0,0,10.80,1.95
Tyler Beede,PIT,29,5,0,0,0,6.2,7,4,3,4,0,0,0,0,0,1,5.40,1.65
Lucas Sims,CIN,28,6,0,0,0,6.2,5,7,5,6,0,1,0,1,0,0,9.45,1.65
Anthony Castro,CLE,27,6,0,0,0,6.2,7,3,9,3,2,0,0,0,0,0,4.05,1.50
Spencer Howard,TEX,25,3,1,0,0,6.2,10,9,12,2,6,0,1,0,0,0,12.15,1.80
Joey Wentz,DET,24,2,2,0,0,6.2,8,6,5,2,0,0,1,0,0,0,8.10,1.50
Logan Gillaspie,BAL,25,7,0,0,0,6.2,8,1,1,0,0,0,0,0,1,0,1.35,1.20
Drew Carlton,DET,26,4,0,0,0,6.2,4,2,6,0,1,0,0,0,0,0,2.70,0.60
Miguel Sanchez,MIL,28,5,0,0,0,6.2,4,1,5,3,0,1,1,0,0,0,1.35,1.05
Ronel Blanco,HOU,28,7,0,0,0,6.1,8,5,7,4,1,0,0,0,0,0,7.11,1.89
Jovani Moran,MIN,25,5,0,0,0,6.1,2,0,12,3,0,0,0,0,0,0,0.00,0.79
Ryan Borucki,TOR,28,11,0,0,0,6.1,7,7,8,5,2,0,0,0,0,2,9.95,1.89
Edward Cabrera,MIA,24,1,1,0,0,6.0,1,0,9,4,0,1,0,0,0,0,0.00,0.83
Logan Allen,CLE,25,4,0,0,0,6.0,9,3,6,3,0,1,0,0,0,0,4.50,2.00
Luis Frias,ARI,24,4,0,0,0,6.0,10,9,3,7,0,0,0,0,0,1,13.50,2.83
Pierce Johnson,SD,31,6,0,0,0,6.0,6,3,11,4,0,0,1,0,0,5,4.50,1.67
Kenny Rosenberg,LAA,26,2,0,0,0,6.0,7,5,7,3,1,0,0,0,0,0,7.50,1.67
Matt Swarmer,CHC,28,1,1,0,0,6.0,5,1,6,1,2,0,0,0,0,0,1.50,1.00
Dusten Knight,TB,31,3,0,0,0,5.2,4,1,4,3,0,0,1,0,0,0,1.59,1.24
Joe Kelly,CWS,33,7,0,0,0,5.2,8,6,8,6,0,0,1,0,0,6,9.53,2.47
Jesse Chavez,CHC,38,3,0,0,0,5.2,7,4,3,2,1,0,0,0,1,0,6.35,1.59
Marcos Diplan,BAL,25,5,0,0,0,5.2,4,1,8,5,0,0,0,0,0,0,1.59,1.59
Patrick Murphy,WAS,26,6,0,0,0,5.2,8,4,4,8,0,0,0,0,0,0,6.35,2.82
Phillip Diehl,CIN,27,5,0,0,0,5.2,8,7,3,3,3,0,0,0,0,0,11.12,1.94
Trevor Kelley,MIL,28,6,0,0,0,5.2,10,6,6,1,3,1,0,0,1,1,9.53,1.94
Chris Mazza,TB,32,2,0,0,0,5.1,9,7,5,6,3,1,0,0,0,0,11.81,2.81
Andrew Vasquez,TOR,28,7,0,0,0,5.1,5,5,6,3,1,0,0,0,0,0,8.44,1.50
Robert Dugger,TB,26,1,0,0,0,5.1,8,3,7,0,0,0,0,0,0,0,5.06,1.50
Zac Lowther,BAL,26,1,0,0,0,5.1,8,5,1,2,0,0,0,0,0,0,8.44,1.88
Javy Guerra,TB,26,6,0,0,0,5.1,8,5,3,1,2,0,0,0,0,0,8.44,1.69
Sean Doolittle,WAS,35,6,0,0,0,5.1,1,0,6,0,0,0,0,0,0,2,0.00,0.19
Sam Selman,OAK,31,4,0,0,0,5.1,2,0,7,2,0,0,0,0,1,0,0.00,0.75
Jake Brentz,KC,27,8,0,0,0,5.1,11,14,9,10,1,0,3,0,0,2,23.63,3.94
Parker Mushinski,HOU,26,5,0,0,0,5.1,5,3,7,1,0,0,0,0,0,0,5.06,1.13
Francisco Perez,WAS,24,6,0,0,0,5.1,6,3,4,6,1,0,0,0,0,0,5.06,2.25
Andrew Wantz,LAA,26,4,0,0,0,5.1,4,2,4,0,1,0,0,0,0,0,3.38,0.75
Adrian Martinez,OAK,25,1,1,0,0,5.1,4,0,3,0,0,1,0,0,0,0,0.00,0.75
Sean Newcomb,ATL,28,3,0,0,0,5.0,7,4,4,4,1,0,0,0,0,0,7.20,2.20
Max Kranick,PIT,24,2,0,0,0,5.0,3,0,4,3,0,0,0,0,0,1,0.00,1.20
Jhon Romero,MIN,27,4,0,0,0,5.0,9,2,6,1,0,0,0,0,0,0,3.60,2.00
Angel Rondon,STL,24,1,0,0,0,5.0,1,0,4,3,0,1,0,0,0,0,0.00,0.80
Damon Jones,PHI,27,4,0,0,0,4.2,4,5,5,5,0,0,0,0,0,0,9.64,1.93
Edwin Uceta,ARI,24,3,0,0,0,4.2,5,5,2,4,0,0,0,0,0,0,9.64,1.93
Michael Grove,LAD,25,2,1,0,0,4.2,7,3,3,4,0,0,0,0,0,0,5.79,2.36
Austin Pruitt,OAK,32,2,0,0,0,4.2,4,0,2,0,0,0,0,0,0,0,0.00,0.86
Keynan Middleton,ARI,28,6,0,0,0,4.2,2,2,5,1,2,1,1,0,1,1,3.86,0.64
Justus Sheffield,SEA,26,4,0,0,0,4.2,1,0,2,2,0,0,0,0,0,0,0.00,0.64
Greg Holland,TEX,36,5,0,0,0,4.2,6,4,5,1,3,0,1,0,0,0,7.71,1.50
Jared Solomon,CIN,24,5,0,0,0,4.2,3,2,6,2,0,0,0,0,0,0,3.86,1.07
Matt Koch,SEA,31,4,0,0,0,4.1,5,4,3,1,2,0,0,0,0,0,8.31,1.38
Chris Ellis,BAL,29,2,2,0,0,4.1,5,5,2,6,0,0,0,0,0,0,10.38,2.54
Juan Minaya,MIN,31,2,0,0,0,4.1,2,2,3,1,0,0,0,0,0,0,4.15,0.69
Pedro Avila,SD,25,2,0,0,0,4.0,3,2,5,1,1,0,0,0,0,0,4.50,1.00
Sean Hjelle,SF,25,2,0,0,0,4.0,2,2,6,2,0,0,0,0,0,0,4.50,1.00
Daniel Castano,MIA,27,3,0,0,0,4.0,5,0,2,0,0,0,1,0,0,0,0.00,1.25
Dereck Rodriguez,MIN,29,1,0,0,0,4.0,4,3,2,3,3,0,0,0,0,0,6.75,1.75
Luis Gil,NYY,24,1,1,0,0,4.0,5,4,5,2,0,0,0,0,0,0,9.00,1.75
Zack Thompson,STL,24,1,0,0,0,4.0,3,1,3,1,0,0,0,1,0,0,2.25,1.00
Sam Clay,WAS,28,5,0,0,0,4.0,3,5,3,2,1,0,0,0,0,0,11.25,1.25
Anderson Espinoza,CHC,24,1,0,0,0,4.0,2,2,6,3,1,0,1,0,0,0,4.50,1.25
Roenis Elias,SEA,33,3,0,0,0,4.0,3,2,3,2,1,0,0,0,0,0,4.50,1.25
Tommy Kahnle,LAD,32,4,0,0,0,4.0,3,3,5,2,2,0,0,0,0,1,6.75,1.25
Oliver Perez,ARI,40,7,0,0,0,4.0,8,7,1,1,1,1,1,0,0,0,15.75,2.25
Mike Minor,CIN,34,1,1,0,0,4.0,6,5,4,0,3,0,1,0,0,0,11.25,1.50
Justin Wilson,CIN,34,5,0,0,0,3.2,3,1,7,0,0,0,1,0,0,0,2.45,0.82
Tommy Romero,TB,24,2,1,0,0,3.2,3,4,4,5,2,0,0,0,0,0,9.82,2.18
Alexander Wells,BAL,25,2,0,0,0,3.2,5,2,6,0,2,0,0,0,0,0,4.91,1.36
Evan Lee,WAS,24,1,1,0,0,3.2,4,2,2,3,0,0,1,0,0,0,4.91,1.91
Danny Young,SEA,28,2,0,0,0,3.2,7,3,5,2,1,0,0,0,0,0,7.36,2.45
Ryan Hendrix,CIN,27,5,0,0,0,3.1,5,3,4,4,0,0,0,0,0,0,8.10,2.70
Casey Lawrence,TOR,34,2,0,0,0,3.1,4,1,0,1,0,0,0,0,0,0,2.70,1.50
Jackson Kowar,KC,25,1,0,0,0,3.1,11,7,4,1,0,0,0,0,0,0,18.90,3.60
Ross Detwiler,CIN,36,4,0,0,0,3.1,2,0,3,1,0,0,0,0,0,1,0.00,0.90
Sean Newcomb,CHC,28,3,0,0,0,3.1,3,3,3,1,1,0,0,0,0,0,8.10,1.20
Chi Chi Gonzalez,MIN,30,1,1,0,0,3.0,4,3,1,0,2,0,0,0,0,0,9.00,1.33
Blake Treinen,LAD,33,3,0,0,0,3.0,1,1,5,0,1,1,1,0,0,1,3.00,0.33
Jake Reed,NYM,29,2,0,0,0,3.0,0,0,2,2,0,1,0,0,0,0,0.00,0.67
Yoan Lopez,NYM,29,2,0,0,0,3.0,5,3,4,0,1,0,0,0,0,0,9.00,1.67
Tyler Holton,ARI,25,2,0,0,0,3.0,2,0,2,0,0,0,0,0,0,0,0.00,0.67
Taylor Widener,ARI,27,3,0,0,0,3.0,5,2,2,1,1,0,0,0,0,1,6.00,2.00
Robert Dugger,CIN,26,1,0,0,0,3.0,5,3,5,1,1,0,0,0,0,0,9.00,2.00
Zach Pop,MIA,25,2,0,0,0,3.0,5,3,4,0,0,0,0,0,0,0,9.00,1.67
Francisco Morales,PHI,22,2,0,0,0,3.0,0,0,3,4,0,0,0,1,0,0,0.00,1.33
Cody Sedlock,BAL,26,1,0,0,0,3.0,6,5,3,1,0,0,0,0,0,0,15.00,2.33
Yerry De Los Santos,PIT,24,2,0,0,0,3.0,3,2,4,2,2,0,0,0,0,0,6.00,1.67
Beau Sulser,BAL,28,1,0,0,0,3.0,7,2,0,0,0,0,0,0,0,0,6.00,2.33
Kirk McCarty,CLE,26,1,0,0,0,3.0,4,4,3,2,2,0,0,0,0,0,12.00,2.00
Matt Peacock,KC,28,4,0,0,0,3.0,2,0,3,2,0,0,0,0,0,0,0.00,1.33
Josh Winckowski,BOS,23,1,1,0,0,3.0,6,4,4,3,1,0,1,0,0,0,12.00,3.00
Tayler Saucedo,TOR,28,4,0,0,0,2.2,6,4,0,1,3,0,0,0,0,0,13.50,2.63
Matt Peacock,ARI,28,2,0,0,0,2.2,3,2,2,2,1,0,0,0,0,0,6.75,1.88
Daniel Duarte,CIN,25,3,0,0,0,2.2,3,3,2,3,1,0,0,0,0,0,10.13,2.25
Jake Walsh,STL,26,3,0,0,0,2.2,3,4,5,2,0,0,1,0,0,0,13.50,1.88
Kyle Muller,ATL,24,1,1,0,0,2.2,4,7,3,6,0,0,1,0,0,0,23.63,3.75
Ethan Small,MIL,25,1,1,0,0,2.2,4,2,4,4,0,0,0,0,0,0,6.75,3.00
Shawn Armstrong,TB,31,3,0,0,0,2.2,4,1,4,1,0,0,0,0,0,1,3.38,1.88
Garrett Cleavinger,LAD,28,3,0,0,0,2.2,3,1,4,2,0,0,0,0,0,0,3.38,1.88
Hunter Harvey,WAS,27,4,0,0,0,2.2,1,0,3,1,0,0,0,0,0,0,0.00,0.75
Foster Griffin,KC,26,3,0,0,0,2.2,3,4,0,3,0,0,0,0,0,0,13.50,2.25
Ryan Castellani,OAK,26,3,0,0,0,2.2,2,0,1,0,0,0,0,0,0,1,0.00,0.75
Pedro Baez,HOU,34,3,0,0,0,2.1,5,3,2,3,0,0,0,0,0,0,11.57,3.43
J.C. Mejia,MIL,25,2,0,0,0,2.1,5,6,1,5,0,0,0,0,0,0,23.14,4.29
Jorge Alcala,MIN,26,2,0,0,0,2.1,2,0,2,2,0,0,0,0,0,0,0.00,1.71
Austin Adams,SD,31,2,0,0,0,2.1,0,0,2,3,0,1,0,0,0,0,0.00,1.29
Ray Kerr,SD,27,3,0,0,0,2.1,1,2,2,1,1,0,0,0,0,0,7.71,0.86
Angel De Jesus,DET,25,1,0,0,0,2.0,1,0,3,2,0,0,0,0,0,0,0.00,1.50
Calvin Faucher,TB,26,2,0,0,0,2.0,5,5,1,2,1,0,0,0,0,0,22.50,3.50
Tanner Tully,CLE,27,1,0,0,0,2.0,2,1,0,1,1,0,0,0,0,0,4.50,1.50
William Woods,ATL,23,2,0,0,0,2.0,2,0,2,1,0,0,0,0,0,0,0.00,1.50
Chad Smith,COL,26,2,0,0,0,2.0,5,6,1,2,0,0,0,0,0,0,27.00,3.50
Peter Strzelecki,MIL,27,1,0,0,0,2.0,2,1,3,2,0,1,0,0,0,0,4.50,2.00
Jose Cuas,KC,27,2,0,0,0,2.0,1,0,2,1,0,0,0,0,0,0,0.00,1.00
Nick Vespi,BAL,26,1,0,0,0,2.0,1,0,3,1,0,1,0,0,0,0,0.00,1.00
Anthony Kay,TOR,27,1,0,0,0,2.0,2,1,3,1,0,0,0,0,0,0,4.50,1.50
Junior Fernandez,STL,25,1,0,0,0,2.0,2,0,1,0,0,0,0,0,0,0,0.00,1.00
Jose Quijada,LAA,26,3,0,0,0,2.0,3,1,3,2,0,0,1,0,0,0,4.50,2.50
David McKay,NYY,27,2,0,0,0,2.0,1,0,1,2,0,0,0,0,0,0,0.00,1.50
Locke St. John,CHC,29,1,0,0,0,2.0,3,3,4,0,2,0,0,0,0,0,13.50,1.50
Luke Barker,MIL,30,1,0,0,0,2.0,0,0,1,0,0,0,0,0,0,0,0.00,0.00
Jesus Cruz,ATL,27,2,0,0,0,2.0,3,1,1,1,0,0,0,0,0,0,4.50,2.00
Robbie Erlin,LAD,31,2,0,0,0,2.0,2,2,1,1,1,0,0,0,0,0,9.00,1.50
Shane Greene,LAD,33,1,0,0,0,2.0,2,0,1,0,0,1,0,0,0,0,0.00,1.00
Arodys Vizcaino,KC,31,2,0,0,0,2.0,1,0,1,1,0,0,0,0,0,0,0.00,1.00
Manny Banuelos,NYY,31,1,0,0,0,2.0,1,0,1,0,0,0,0,0,0,0,0.00,0.50
Sam Howard,PIT,29,3,0,0,0,2.0,2,2,1,4,1,0,0,0,0,0,9.00,3.00
Javy Guerra,SD,26,1,0,0,0,2.0,3,4,1,3,1,0,0,0,0,0,18.00,3.00
Jordan Weems,WAS,29,2,0,0,0,1.2,2,2,2,1,0,0,0,0,0,0,10.80,1.80
Jeremy Beasley,TOR,26,1,0,0,0,1.2,1,2,3,1,1,0,0,0,0,0,10.80,1.20
Caleb Ferguson,LAD,25,2,0,0,0,1.2,0,0,2,3,0,0,0,0,0,1,0.00,1.80
Gregory Santos,SF,22,1,0,0,0,1.2,0,0,1,0,0,0,0,0,0,0,0.00,0.00
Logan Allen,BAL,25,3,0,0,0,1.2,3,2,1,2,0,0,0,0,0,0,10.80,3.00
Kervin Castro,SF,23,2,0,0,0,1.2,4,5,4,2,0,0,0,0,0,0,27.00,3.60
Elvis Peguero,LAA,25,2,0,0,0,1.1,3,3,0,1,2,0,0,0,0,0,20.25,3.00
Thomas Szapucki,NYM,25,1,1,0,0,1.1,7,9,2,3,4,0,1,0,0,0,60.75,7.50
Parker Markel,OAK,31,2,0,0,0,1.1,1,0,2,3,0,0,0,0,0,0,0.00,3.00
Conner Menez,CHC,27,1,0,0,0,1.0,1,0,1,0,0,0,0,0,0,0,0.00,1.00
Riley O'Brien,SEA,27,1,0,0,0,1.0,1,0,1,1,0,0,0,0,0,0,0.00,2.00
Mason Thompson,WAS,24,2,0,0,0,1.0,0,0,3,2,0,0,0,0,0,0,0.00,2.00
Paul Fry,ARI,29,1,0,0,0,1.0,2,1,2,2,0,0,0,0,0,0,9.00,4.00
Cesar Valdez,LAA,37,1,0,0,0,1.0,2,1,0,0,0,0,0,0,0,0,9.00,2.00
Adrian Sampson,CHC,30,1,0,0,0,1.0,2,0,0,0,0,0,0,0,0,0,0.00,2.00
Domingo Tapia,OAK,30,1,0,0,0,1.0,0,0,0,0,0,0,0,0,0,0,0.00,0.00
Nick Snyder,TEX,26,2,0,0,0,1.0,1,2,0,3,0,0,0,0,0,0,18.00,4.00
Janson Junk,LAA,26,1,0,0,0,1.0,1,0,1,0,0,0,0,0,0,0,0.00,1.00
Cam Alldred,PIT,25,1,0,0,0,1.0,1,0,1,0,0,0,0,0,0,0,0.00,1.00
Luke Weaver,ARI,28,1,0,0,0,0.2,3,1,0,0,0,0,0,0,0,0,13.50,4.50
JT Chargois,TB,31,1,0,0,0,0.2,0,0,1,0,0,0,0,0,0,0,0.00,0.00
Bowden Francis,TOR,26,1,0,0,0,0.2,1,0,1,0,0,0,0,0,0,0,0.00,1.50
Luis Patino,TB,22,1,1,0,0,0.2,1,1,0,0,0,0,1,0,0,0,13.50,1.50
Brian Moran,LAA,33,1,0,0,0,0.1,3,2,0,1,1,0,0,0,0,0,54.00,12.00