Player,Team,Pos,Age,G,AB,R,H,2B,3B,HR,RBI,SB,CS,BB,SO,SH,SF,HBP,AVG,OBP,SLG,OPS
Cesar Hernandez,WAS,2B,32,54,225,31,62,13,1,0,14,2,1,14,45,1,0,2,.276,.324,.342,.666
Rafael Devers,BOS,3B,25,52,219,40,74,22,1,11,27,1,0,10,42,0,0,0,.338,.367,.598,.965
Cedric Mullins,BAL,OF,27,53,216,27,52,12,1,5,19,11,3,14,45,1,1,5,.241,.301,.375,.676
Bo Bichette,TOR,SS,24,51,213,26,54,14,0,7,26,4,3,13,55,0,0,0,.254,.296,.418,.714
Ozzie Albies,ATL,2B,25,53,209,31,52,13,0,6,22,3,5,13,40,0,3,2,.249,.295,.397,.692
Marcell Ozuna,ATL,OF,31,52,206,22,48,6,0,10,22,2,1,12,51,0,2,1,.233,.276,.408,.684
Maikel Franco,WAS,3B,29,54,206,15,54,14,0,3,24,0,0,8,42,0,2,0,.262,.287,.374,.661
Whit Merrifield,KC,2B,33,50,206,24,45,11,0,3,24,7,1,12,31,0,5,0,.218,.256,.316,.572
Adam Frazier,SEA,2B,30,51,205,24,50,11,1,2,18,1,3,18,28,1,1,1,.244,.307,.337,.644
Austin Riley,ATL,3B,25,52,205,27,54,13,0,13,29,2,0,19,62,0,0,4,.263,.338,.517,.855
Ty France,SEA,2B,27,52,205,24,70,10,0,7,36,0,0,16,27,0,1,10,.341,.414,.493,.907
C.J. Cron,COL,1B,32,52,205,32,61,10,1,14,40,0,0,13,60,0,1,4,.298,.350,.561,.911
Francisco Lindor,NYM,SS,28,53,203,37,52,8,2,8,43,7,2,24,45,0,5,4,.256,.339,.433,.772
Trea Turner,LAD,SS,28,52,203,25,61,14,2,5,42,10,2,18,41,0,3,1,.300,.356,.463,.819
Enrique Hernandez,BOS,2B,30,48,202,27,42,16,0,4,23,0,1,17,34,0,3,2,.208,.272,.347,.619
Pete Alonso,NYM,1B,27,54,202,31,56,8,0,14,48,1,0,22,50,0,5,6,.277,.357,.525,.882
Freddie Freeman,LAD,1B,32,52,201,34,58,19,1,4,30,4,0,28,31,0,2,2,.289,.378,.453,.831
Mookie Betts,LAD,OF,29,50,201,52,62,12,0,16,36,6,1,26,38,0,1,2,.308,.391,.607,.998
Shohei Ohtani,LAA,DH,27,52,200,34,48,9,0,11,32,7,3,20,56,0,0,3,.240,.318,.450,.768
Marcus Semien,TEX,2B,31,50,200,23,38,9,1,2,18,7,1,17,38,0,3,1,.190,.253,.275,.528
Matt Olson,ATL,1B,28,53,199,21,51,23,0,6,25,0,0,34,54,0,1,1,.256,.366,.462,.828
Nick Castellanos,PHI,OF,30,51,199,25,50,13,0,7,28,2,0,14,51,0,1,2,.251,.306,.422,.728
Jake Cronenworth,SD,2B,28,51,199,25,41,8,2,3,19,0,0,21,49,0,3,4,.206,.291,.312,.603
Tommy Edman,STL,2B,27,51,196,41,55,8,3,4,22,14,1,19,35,1,0,3,.281,.353,.413,.766
Starling Marte,NYM,OF,33,46,196,32,54,9,2,6,31,7,4,8,37,0,0,4,.276,.317,.434,.751
Corey Seager,TEX,SS,28,49,195,26,47,6,0,11,25,2,0,18,38,0,1,1,.241,.307,.441,.748
Julio Rodriguez,SEA,OF,21,51,195,22,52,9,1,6,24,15,3,13,63,0,0,1,.267,.316,.415,.731
Randy Arozarena,TB,OF,27,50,195,23,50,12,1,6,23,8,5,11,52,0,1,2,.256,.301,.421,.722
Adolis Garcia,TEX,OF,29,49,194,27,44,10,2,8,32,6,2,9,59,0,2,2,.227,.266,.423,.689
Juan Soto,WAS,OF,23,54,193,30,43,11,0,10,17,4,1,44,35,0,0,1,.223,.370,.435,.805
Christian Yelich,MIL,OF,30,52,193,31,43,9,2,5,21,7,0,25,57,0,2,2,.223,.315,.368,.683
Josh Bell,WAS,1B,29,53,193,28,59,9,0,5,29,0,1,22,26,0,2,3,.306,.382,.430,.812
Rhys Hoskins,PHI,1B,29,51,193,26,43,9,1,8,25,0,0,23,59,0,1,0,.223,.304,.404,.708
Connor Joe,COL,OF,29,48,192,27,52,9,3,4,13,2,2,24,41,0,0,2,.271,.358,.411,.769
Paul Goldschmidt,STL,1B,34,50,192,36,67,18,0,12,47,3,0,27,44,0,1,0,.349,.427,.630,1.057
Jurickson Profar,SD,OF,29,51,191,26,45,11,1,6,25,4,0,27,36,0,1,1,.236,.332,.398,.730
Jonathan Schoop,DET,2B,30,51,191,17,38,9,1,5,17,1,0,9,38,0,1,2,.199,.241,.335,.576
Xander Bogaerts,BOS,SS,29,51,191,33,62,14,0,6,26,2,0,20,45,0,2,3,.325,.394,.492,.886
Trey Mancini,BAL,1B,30,50,191,20,59,9,1,4,22,0,0,19,38,0,2,3,.309,.377,.429,.806
Eduardo Escobar,NYM,3B,33,50,190,23,43,13,2,3,16,0,0,22,52,0,2,0,.226,.304,.363,.667
Aaron Judge,NYY,OF,30,50,190,42,60,9,0,20,41,3,0,23,56,0,3,0,.316,.384,.679,1.063
Eugenio Suarez,SEA,3B,30,51,189,30,42,10,1,10,28,0,0,21,69,0,2,2,.222,.304,.444,.748
Anthony Santander,BAL,OF,27,53,189,25,44,6,0,9,30,0,2,26,45,0,2,5,.233,.338,.407,.745
Dansby Swanson,ATL,SS,28,53,189,30,53,10,1,6,26,10,1,18,60,0,1,2,.280,.348,.439,.787
Manny Machado,SD,3B,29,50,189,38,65,13,1,9,32,7,1,25,36,0,1,1,.344,.421,.566,.987
Jorge Polanco,MIN,SS,28,50,188,22,42,8,0,5,26,3,2,27,51,0,2,0,.223,.318,.346,.664
Nolan Arenado,STL,3B,31,50,186,23,53,13,0,10,37,0,2,20,27,0,2,0,.285,.351,.516,.867
Jesse Winker,SEA,OF,28,51,186,15,40,9,0,2,19,0,0,28,33,0,2,0,.215,.315,.296,.611
Andrew Benintendi,KC,OF,27,50,185,17,62,8,2,2,21,0,0,20,30,0,2,1,.335,.399,.432,.831
Bobby Witt,KC,SS,21,48,185,24,42,13,3,7,27,7,2,8,50,0,1,3,.227,.269,.443,.712
Frank Schwindel,CHC,1B,29,50,184,19,44,10,0,7,27,0,0,13,39,0,1,0,.239,.288,.408,.696
Eric Hosmer,SD,1B,32,49,184,17,55,10,0,4,25,0,0,18,32,0,0,0,.299,.361,.418,.779
Anthony Rizzo,NYY,1B,32,51,183,29,39,10,1,12,34,3,1,23,36,0,2,6,.213,.318,.475,.793
Charlie Blackmon,COL,OF,35,46,183,24,45,7,1,7,25,1,1,16,30,4,0,2,.246,.313,.410,.723
Ryan McMahon,COL,2B,27,51,183,26,44,11,2,4,26,0,1,23,58,0,0,3,.240,.335,.388,.723
Jared Walsh,LAA,1B,28,50,183,24,46,9,0,10,29,1,1,12,55,0,0,2,.251,.305,.464,.769
Austin Hays,BAL,OF,26,49,183,24,54,12,0,5,25,1,2,18,34,0,1,3,.295,.366,.443,.809
Vladimir Guerrero,TOR,1B,23,50,182,23,46,6,0,11,27,0,1,23,37,0,2,3,.253,.343,.467,.810
Alex Verdugo,BOS,OF,26,48,182,20,43,12,0,3,26,0,1,12,22,0,4,1,.236,.281,.352,.633
Bryce Harper,PHI,OF,29,46,182,36,56,18,1,12,36,6,1,15,41,0,3,2,.308,.361,.615,.976
Jose Abreu,CWS,1B,35,48,180,24,46,11,0,7,23,0,0,23,35,0,1,3,.256,.348,.433,.781
Jorge Soler,MIA,OF,30,47,180,25,40,10,0,11,27,0,2,22,54,0,0,2,.222,.314,.461,.775
Kyle Schwarber,PHI,OF,29,50,180,31,36,6,0,14,27,2,0,31,66,0,1,2,.200,.322,.467,.789
Christian Walker,ARI,1B,31,51,180,25,38,8,0,14,26,0,2,23,40,0,0,2,.211,.307,.489,.796
Ketel Marte,ARI,2B,28,49,179,24,47,17,1,3,18,3,0,18,40,0,1,2,.263,.335,.419,.754
Justin Turner,LAD,3B,37,48,179,23,41,16,0,4,31,0,0,15,36,0,3,1,.229,.288,.385,.673
Nelson Cruz,WAS,DH,41,49,179,25,43,6,0,5,28,1,0,22,40,0,1,1,.240,.325,.358,.683
Alec Bohm,PHI,3B,25,50,179,25,46,6,1,3,19,1,1,12,43,0,6,1,.257,.298,.352,.650
Jeff McNeil,NYM,2B,30,51,178,26,56,13,1,3,26,2,0,15,20,0,1,1,.315,.369,.449,.818
Wander Franco,TB,SS,21,45,178,27,48,11,2,4,19,4,0,10,20,0,2,0,.270,.305,.421,.726
Sean Murphy,OAK,C,27,49,178,21,35,14,1,5,22,0,0,17,53,0,2,3,.197,.275,.371,.646
Bryan Reynolds,PIT,OF,27,47,178,19,40,7,1,8,14,3,1,23,45,0,0,1,.225,.317,.410,.727
Jeimer Candelario,DET,3B,28,50,178,20,33,6,2,5,17,0,0,11,46,0,0,2,.185,.241,.326,.567
Adam Duvall,ATL,OF,33,52,177,19,33,8,0,2,16,0,0,14,62,0,2,2,.186,.251,.266,.517
Rowdy Tellez,MIL,1B,27,51,177,21,44,12,0,10,36,0,0,14,43,0,0,2,.249,.311,.486,.797
Jose Ramirez,CLE,3B,29,47,176,32,52,12,4,13,52,7,1,28,15,0,1,1,.295,.393,.631,1.024
J.P. Crawford,SEA,SS,27,49,175,23,52,10,1,5,13,1,1,24,31,0,2,4,.297,.390,.451,.841
Trevor Story,BOS,SS,29,46,174,27,40,11,0,9,39,7,0,23,61,0,3,3,.230,.325,.448,.773
Myles Straw,CLE,OF,27,47,174,35,41,9,1,0,6,9,1,28,29,0,2,0,.236,.338,.299,.637
Thairo Estrada,SF,2B,26,48,173,29,48,12,0,3,22,6,0,9,27,0,3,2,.277,.316,.399,.715
Daulton Varsho,ARI,C,25,49,173,27,43,10,0,8,22,3,2,17,47,0,3,4,.249,.325,.445,.770
Jesus Aguilar,MIA,1B,31,47,173,16,43,8,0,6,21,0,0,18,47,0,4,0,.249,.313,.399,.712
Patrick Wisdom,CHC,3B,30,49,173,30,40,10,0,12,31,2,2,17,70,0,1,2,.231,.306,.497,.803
Ke'Bryan Hayes,PIT,3B,25,46,173,24,51,13,0,2,19,6,2,22,37,0,1,2,.295,.379,.405,.784
Alex Bregman,HOU,3B,28,50,172,24,38,11,0,6,28,0,0,30,30,0,3,3,.221,.341,.390,.731
Cody Bellinger,LAD,OF,26,47,172,22,37,11,2,6,20,6,1,16,56,0,0,1,.215,.286,.407,.693
Hunter Dozier,KC,3B,30,47,172,23,46,10,2,5,17,1,2,15,42,0,0,2,.267,.333,.436,.769
Wilmer Flores,SF,3B,30,47,172,29,45,12,0,6,31,0,0,16,28,0,3,2,.262,.326,.436,.762
Mike Trout,LAA,OF,30,48,172,37,49,13,1,13,28,0,0,25,53,0,0,4,.285,.388,.599,.987
Brandon Crawford,SF,SS,35,47,172,23,37,5,1,5,24,1,1,16,36,0,0,5,.215,.301,.343,.644
Kolten Wong,MIL,2B,31,49,171,24,39,8,3,3,14,8,3,20,33,0,3,5,.228,.322,.363,.685
Amed Rosario,CLE,SS,26,42,171,19,41,5,3,0,11,3,1,10,26,0,0,0,.240,.282,.304,.586
Santiago Espinal,TOR,3B,27,51,171,16,46,14,0,3,22,3,2,16,34,0,3,1,.269,.330,.404,.734
Matt Chapman,TOR,3B,29,50,170,22,35,7,0,6,20,0,0,20,49,0,1,2,.206,.295,.353,.648
George Springer,TOR,OF,32,47,170,31,47,9,2,10,27,2,1,16,42,0,3,5,.276,.351,.529,.880
Michael Brantley,HOU,OF,35,45,170,16,46,9,1,3,17,1,1,22,20,1,1,1,.271,.356,.388,.744
Yuli Gurriel,HOU,1B,37,46,170,18,39,15,0,3,14,2,0,8,26,0,1,2,.229,.271,.371,.642
Brandon Nimmo,NYM,OF,29,46,169,29,46,8,4,3,17,0,0,23,32,2,2,3,.272,.365,.420,.785
Nathaniel Lowe,TEX,1B,26,46,169,18,44,5,1,5,18,1,0,13,44,0,0,0,.260,.313,.391,.704
Harrison Bader,STL,OF,28,49,169,27,44,5,0,5,17,14,0,9,27,0,1,2,.260,.304,.379,.683
J.D. Martinez,BOS,OF,34,43,168,32,60,17,0,5,23,0,0,18,48,0,2,2,.357,.421,.548,.969
Jorge Mateo,BAL,SS,26,48,168,14,36,9,2,3,12,13,1,6,54,1,0,1,.214,.246,.345,.591
Chris Taylor,LAD,2B,31,49,168,24,45,10,3,6,24,3,1,21,63,0,2,1,.268,.349,.470,.819
Tony Kemp,OAK,2B,30,49,167,17,39,5,0,1,8,4,1,17,26,1,3,4,.234,.314,.281,.595
DJ LeMahieu,NYY,3B,33,45,167,25,43,12,0,4,22,1,1,17,25,0,0,3,.257,.337,.401,.738
Jean Segura,PHI,2B,32,44,167,22,46,4,0,6,19,8,1,10,26,0,0,2,.275,.324,.407,.731
Yordan Alvarez,HOU,OF,24,46,167,32,47,5,1,15,33,0,0,24,33,0,1,1,.281,.373,.593,.966
Ryan Mountcastle,BAL,1B,25,42,166,19,43,5,0,7,22,2,0,10,44,0,1,1,.259,.303,.416,.719
Ian Happ,CHC,OF,27,50,166,27,44,9,1,6,27,3,1,28,43,0,2,1,.265,.371,.440,.811
J.T. Realmuto,PHI,C,31,46,165,24,41,7,2,3,16,4,0,14,43,0,1,6,.248,.328,.370,.698
Sheldon Neuse,OAK,2B,27,47,165,16,38,3,2,2,17,5,1,13,49,0,0,2,.230,.294,.309,.603
Kyle Tucker,HOU,OF,25,47,164,18,39,8,0,8,29,9,1,24,38,0,1,0,.238,.333,.433,.766
Gleyber Torres,NYY,SS,25,48,164,18,41,7,1,10,25,1,1,8,32,1,2,1,.250,.286,.488,.774
Tim Anderson,CWS,SS,28,40,163,24,58,9,0,5,19,8,0,6,20,0,0,4,.356,.393,.503,.896
Brendan Rodgers,COL,2B,25,42,163,25,42,9,0,5,23,0,0,11,35,0,1,2,.258,.311,.405,.716
Avisail Garcia,MIA,OF,30,43,163,13,36,3,0,3,14,3,0,5,49,0,2,2,.221,.250,.294,.544
Andrew McCutchen,MIL,OF,35,40,163,16,34,6,0,3,19,3,2,10,41,0,2,1,.209,.256,.301,.557
Nicky Lopez,KC,SS,27,50,163,18,36,6,0,0,5,4,0,15,25,1,0,3,.221,.298,.258,.556
Ramon Urias,BAL,2B,28,45,163,20,38,10,0,5,17,0,0,11,42,1,2,0,.233,.278,.387,.665
Isiah Kiner-Falefa,NYY,SS,27,48,162,28,44,8,0,0,12,7,2,12,30,0,3,1,.272,.320,.321,.641
Lourdes Gurriel,TOR,OF,28,47,162,15,38,11,0,2,18,2,1,13,33,0,2,3,.235,.300,.340,.640
Trent Grisham,SD,OF,25,50,162,13,27,8,2,3,18,1,0,23,51,6,0,2,.167,.278,.296,.574
Elvis Andrus,OAK,SS,33,49,161,20,39,13,0,3,11,3,0,15,26,0,0,1,.242,.311,.379,.690
Garrett Cooper,MIA,OF,31,46,161,17,47,13,1,3,23,0,0,16,46,0,3,5,.292,.368,.441,.809
Jeremy Pena,HOU,SS,24,45,161,23,45,7,1,8,23,3,0,10,40,0,2,3,.280,.330,.484,.814
Javier Baez,DET,SS,29,41,160,10,31,8,0,3,13,0,0,6,42,0,0,2,.194,.232,.300,.532
Brandon Drury,CIN,3B,29,43,159,28,39,10,0,8,26,0,2,13,39,0,1,2,.245,.309,.459,.768
Salvador Perez,KC,C,32,40,159,14,29,8,0,6,16,0,0,5,47,0,0,3,.182,.222,.346,.568
Jesus Sanchez,MIA,OF,24,46,159,21,37,5,3,7,18,0,0,10,53,0,0,2,.233,.287,.434,.721
Gio Urshela,MIN,3B,30,48,159,20,43,6,0,5,23,0,0,16,26,0,4,0,.270,.330,.403,.733
David Peralta,ARI,OF,34,49,159,16,39,10,1,8,24,0,2,19,40,0,2,1,.245,.326,.472,.798
Miguel Cabrera,DET,1B,39,44,157,13,45,6,0,3,18,0,0,10,45,0,2,1,.287,.329,.382,.711
Kole Calhoun,TEX,OF,34,49,157,20,40,7,1,7,21,1,2,12,41,0,1,2,.255,.314,.446,.760
Cristian Pache,OAK,OF,23,50,157,13,27,3,1,2,12,1,2,9,39,1,0,0,.172,.217,.242,.459
Pavin Smith,ARI,1B,26,48,156,15,34,6,0,7,25,1,0,18,52,0,2,1,.218,.299,.391,.690
Randal Grichuk,COL,OF,30,42,156,20,43,5,0,5,25,2,0,7,45,0,1,2,.276,.313,.404,.717
Jose Iglesias,COL,SS,32,43,155,17,49,12,0,0,16,3,0,7,14,0,0,5,.316,.365,.394,.759
Rougned Odor,BAL,2B,28,48,155,20,34,10,2,5,25,0,0,6,42,0,1,3,.219,.261,.406,.667
Luis Arraez,MIN,2B,25,45,155,26,53,5,0,1,13,2,1,23,15,0,0,1,.342,.430,.394,.824
Ha-Seong Kim,SD,SS,26,45,154,19,34,8,1,4,19,3,1,17,35,0,1,2,.221,.305,.364,.669
Tommy Pham,CIN,OF,34,44,154,28,36,6,0,6,20,3,0,27,44,0,3,0,.234,.342,.390,.732
Max Kepler,MIN,OF,29,47,154,23,39,7,1,6,25,2,1,23,29,0,2,3,.253,.357,.429,.786
Yasmani Grandal,CWS,C,33,44,154,6,25,2,0,2,9,1,0,23,40,0,1,0,.162,.270,.214,.484
Brandon Marsh,LAA,OF,24,45,152,18,40,5,0,4,26,3,2,11,53,1,3,2,.263,.315,.375,.690
Kyle Farmer,CIN,SS,31,43,152,19,40,11,0,5,28,3,1,9,26,1,2,4,.263,.317,.434,.751
Willson Contreras,CHC,C,30,43,151,32,42,9,1,9,21,2,1,20,36,0,0,11,.278,.401,.530,.931
Giancarlo Stanton,NYY,OF,32,40,151,15,43,3,0,11,35,0,0,14,47,0,3,0,.285,.339,.523,.862
Gary Sanchez,MIN,C,29,41,151,14,34,13,0,6,25,1,0,10,49,0,2,4,.225,.287,.430,.717
Mark Canha,NYM,OF,33,42,151,24,44,2,0,4,20,0,1,12,32,0,1,4,.291,.357,.384,.741
Darin Ruf,SF,OF,35,46,151,26,33,5,0,3,17,2,0,28,45,0,1,2,.219,.346,.311,.657
Jackie Bradley,BOS,OF,32,48,150,9,34,14,1,1,20,1,2,12,34,2,0,0,.227,.284,.353,.637
Luis Robert,CWS,OF,24,36,150,22,44,4,0,6,19,7,1,6,30,0,0,1,.293,.325,.440,.765
Seth Brown,OAK,OF,29,50,149,15,31,10,2,5,23,5,0,15,46,0,1,1,.208,.283,.403,.686
Anthony Rendon,LAA,3B,31,41,149,15,36,9,0,5,23,2,0,21,31,0,2,1,.242,.335,.403,.738
Owen Miller,CLE,2B,25,41,148,27,42,14,0,4,24,0,0,13,34,0,4,1,.284,.337,.459,.796
Jazz Chisholm,MIA,2B,24,40,147,23,38,7,4,8,31,8,2,12,39,0,3,1,.259,.313,.524,.837
Keibert Ruiz,WAS,C,23,40,147,15,39,11,0,1,12,2,0,12,16,1,1,2,.265,.327,.361,.688
Raimel Tapia,TOR,OF,28,45,147,17,36,7,0,1,13,3,1,7,32,1,1,0,.245,.277,.313,.590
Gavin Lux,LAD,2B,24,46,146,29,40,6,1,1,12,4,0,19,30,0,1,0,.274,.355,.349,.704
Dylan Carlson,STL,OF,23,39,146,15,36,9,1,2,11,1,0,8,23,0,2,2,.247,.291,.363,.654
Spencer Torkelson,DET,1B,22,47,146,11,29,6,0,4,12,0,1,20,46,0,1,2,.199,.302,.322,.624
Byron Buxton,MIN,OF,28,38,145,27,32,7,0,12,23,1,0,12,42,0,1,4,.221,.296,.517,.813
Travis d'Arnaud,ATL,C,33,37,144,19,37,9,0,6,23,0,0,4,33,0,0,3,.257,.291,.444,.735
Miguel Rojas,MIA,SS,33,42,144,15,32,4,1,4,11,1,1,9,15,0,0,2,.222,.277,.347,.624
Yandy Diaz,TB,3B,30,44,144,21,39,4,0,3,12,1,2,30,17,0,0,3,.271,.407,.361,.768
Hunter Renfroe,MIL,OF,30,39,143,22,38,7,0,9,19,0,1,9,39,0,3,0,.266,.303,.503,.806
Jose Altuve,HOU,2B,32,37,143,24,39,6,0,10,17,2,1,15,23,0,0,2,.273,.350,.524,.874
Robbie Grossman,DET,OF,32,42,141,13,28,6,0,0,10,2,0,21,51,0,2,3,.199,.311,.241,.552
Ben Gamel,PIT,OF,30,45,140,20,36,7,1,3,17,3,1,20,37,0,0,0,.257,.350,.386,.736
Carlos Correa,MIN,SS,27,35,140,17,39,9,0,3,16,0,0,13,37,0,0,1,.279,.344,.407,.751
Andrew Velazquez,LAA,SS,27,45,140,15,27,5,0,2,11,8,0,8,42,1,2,2,.193,.243,.271,.514
Yadiel Hernandez,WAS,OF,34,40,140,14,40,9,0,4,23,1,1,11,32,0,1,0,.286,.336,.436,.772
Seiya Suzuki,CHC,OF,27,41,139,20,34,12,1,4,21,3,2,21,49,0,2,1,.245,.344,.432,.776
Tyrone Taylor,MIL,OF,28,40,139,13,33,9,1,6,25,1,1,8,29,0,1,2,.237,.287,.446,.733
Mike Yastrzemski,SF,OF,31,42,138,28,41,12,0,5,21,0,1,24,28,0,3,3,.297,.405,.493,.898
Kevin Kiermaier,TB,OF,32,44,137,21,30,5,0,6,15,3,0,6,39,0,0,1,.219,.257,.387,.644
Tyler Naquin,CIN,OF,31,39,137,22,35,11,1,5,22,3,1,10,37,1,0,2,.255,.315,.460,.775
Chad Pinder,OAK,OF,30,38,135,13,34,7,0,5,15,2,0,6,48,1,1,0,.252,.282,.415,.697
Will Smith,LAD,C,27,40,135,20,30,5,0,5,23,0,0,24,28,0,1,1,.222,.342,.370,.712
Alejandro Kirk,TOR,C,23,44,133,17,40,8,0,3,13,0,0,18,14,0,2,0,.301,.379,.429,.808
Abraham Toro,SEA,3B,25,41,133,17,24,5,1,6,14,0,0,10,18,0,2,1,.180,.240,.368,.608
Max Muncy,LAD,2B,31,41,133,21,20,4,1,3,14,0,0,34,37,0,0,1,.150,.327,.263,.590
Franmil Reyes,CLE,DH,26,35,133,9,26,2,0,3,12,0,0,10,57,0,1,1,.195,.255,.278,.533
Josh Donaldson,NYY,3B,36,38,133,17,31,8,0,5,15,0,1,22,37,0,0,2,.233,.350,.406,.756
Taylor Ward,LAA,OF,28,38,132,30,44,7,2,10,26,1,2,26,35,0,0,0,.333,.443,.644,1.087
Chas McCormick,HOU,OF,27,40,130,15,30,7,1,5,14,1,2,11,32,0,1,0,.231,.289,.415,.704
Joey Gallo,NYY,OF,28,43,130,13,23,2,0,5,7,0,0,19,56,0,0,0,.177,.282,.308,.590
Joc Pederson,SF,OF,30,43,130,22,35,4,0,13,30,1,2,14,29,0,2,3,.269,.349,.600,.949
Willy Adames,MIL,SS,26,35,130,23,27,6,0,9,24,1,1,17,42,0,0,1,.208,.304,.462,.766
Aaron Hicks,NYY,OF,32,44,129,16,28,1,0,1,8,5,2,23,34,1,1,3,.217,.346,.248,.594
Andres Gimenez,CLE,SS,23,40,129,16,39,7,2,5,25,4,0,4,32,1,1,1,.302,.326,.504,.830
Bobby Dalbec,BOS,1B,26,47,129,18,23,3,1,3,10,0,0,13,40,0,1,3,.178,.267,.287,.554
Gavin Sheets,CWS,OF,26,40,129,9,27,4,0,4,10,0,0,11,31,0,0,1,.209,.277,.333,.610
Kevin Smith,OAK,SS,25,42,129,9,25,9,1,2,13,3,0,5,39,3,2,0,.194,.221,.326,.547
Lane Thomas,WAS,OF,26,44,128,13,27,5,1,6,22,1,0,10,39,0,3,1,.211,.268,.406,.674
Nico Hoerner,CHC,2B,25,38,128,9,36,4,1,3,16,5,1,4,17,0,0,1,.281,.308,.398,.706
Leury Garcia,CWS,2B,31,38,128,12,25,4,0,2,11,1,0,2,27,1,2,0,.195,.205,.273,.478
Geraldo Perdomo,ARI,SS,22,45,127,15,27,4,2,0,5,1,1,21,37,1,0,2,.213,.333,.276,.609
Steven Kwan,CLE,OF,24,37,127,21,32,6,2,1,13,2,1,19,12,0,2,3,.252,.358,.354,.712
Austin Nola,SD,C,32,38,127,15,28,4,0,1,14,1,1,11,25,0,5,5,.220,.297,.276,.573
Victor Robles,WAS,OF,25,45,127,18,30,7,0,1,19,5,0,8,42,6,1,4,.236,.300,.315,.615
Lorenzo Cain,MIL,OF,36,37,126,15,22,4,0,1,7,2,2,8,32,0,1,2,.175,.234,.230,.464
Elias Diaz,COL,C,31,38,126,10,25,6,0,2,9,0,0,9,29,0,2,0,.198,.248,.294,.542
Harold Ramirez,TB,OF,27,42,126,17,36,5,0,2,15,2,2,6,16,0,1,2,.286,.326,.373,.699
Michael Chavis,PIT,2B,26,42,125,16,36,6,2,5,18,1,1,7,35,0,3,2,.288,.328,.488,.816
Mike Moustakas,CIN,3B,33,38,125,16,26,5,0,3,10,1,0,16,32,0,1,5,.208,.320,.320,.640
Carlos Santana,KC,1B,36,36,124,9,20,5,0,2,10,0,0,23,23,0,0,0,.161,.293,.250,.543
Wil Myers,SD,OF,31,32,124,13,29,6,0,1,19,0,0,8,38,0,2,0,.234,.276,.306,.582
Manuel Margot,TB,OF,27,36,124,12,40,5,1,3,23,5,1,12,18,0,0,1,.323,.387,.452,.839
Mitch Garver,TEX,C,31,34,124,13,27,6,0,6,14,1,1,13,33,0,2,1,.218,.293,.411,.704
Tyler Stephenson,CIN,C,25,37,123,17,34,6,0,4,24,1,0,9,36,0,1,2,.276,.333,.423,.756
Christian Vazquez,BOS,C,31,38,123,11,36,8,0,2,20,0,1,7,27,0,2,2,.293,.336,.407,.743
Jacob Stallings,MIA,C,32,44,123,14,27,4,0,1,18,0,1,12,32,0,1,1,.220,.292,.276,.568
Taylor Walls,TB,SS,25,43,122,12,18,3,1,2,4,5,1,16,38,0,0,1,.148,.252,.238,.490
Johan Camargo,PHI,2B,28,42,122,8,29,3,0,3,11,0,0,12,28,1,0,0,.238,.306,.336,.642
Andrew Vaughn,CWS,OF,24,34,122,13,34,6,0,6,22,0,0,7,25,0,2,3,.279,.328,.475,.803
Diego Castillo,PIT,SS,24,40,122,12,27,6,0,2,9,1,1,7,30,0,1,1,.221,.267,.320,.587
AJ Pollock,CWS,OF,34,34,120,14,27,7,0,3,11,1,0,5,28,0,2,0,.225,.252,.358,.610
Jed Lowrie,OAK,2B,38,36,119,14,27,4,0,3,16,1,0,14,28,0,2,0,.227,.304,.336,.640
Daniel Vogelbach,PIT,1B,29,35,119,14,29,5,1,6,14,0,0,16,34,0,1,0,.244,.331,.454,.785
Rafael Ortega,CHC,OF,31,45,119,16,31,6,0,2,7,4,4,20,27,1,2,0,.261,.362,.361,.723
Alcides Escobar,WAS,SS,35,35,118,11,26,4,2,0,8,1,1,5,30,0,0,2,.220,.264,.288,.552
Tyler O'Neill,STL,OF,26,32,118,14,23,4,1,2,20,3,1,11,42,0,4,0,.195,.256,.297,.553
Ryan Jeffers,MIN,C,25,38,118,12,21,5,0,3,14,0,0,15,40,1,0,0,.178,.271,.297,.568
Jonah Heim,TEX,C,26,37,118,18,31,7,0,6,18,1,0,12,24,0,0,0,.263,.331,.475,.806
Brandon Lowe,TB,2B,27,32,118,20,25,5,2,5,12,1,0,12,34,0,1,2,.212,.293,.415,.708
Martin Maldonado,HOU,C,35,38,117,16,17,3,0,4,13,0,0,9,42,2,1,2,.145,.217,.274,.491
Joey Votto,CIN,1B,38,35,116,11,21,6,1,4,16,0,0,20,40,0,0,5,.181,.326,.353,.679
Andy Ibanez,TEX,2B,29,39,116,13,25,4,0,1,9,3,0,9,21,0,0,0,.216,.272,.276,.548
Luke Voit,SD,1B,31,33,116,17,27,4,0,4,12,1,0,19,43,0,1,1,.233,.343,.371,.714
Adam Engel,CWS,OF,30,43,115,15,28,9,0,1,6,6,1,8,31,0,0,1,.243,.298,.348,.646
Nick Gordon,MIN,OF,26,43,114,13,29,5,2,1,7,3,2,5,32,2,0,1,.254,.292,.360,.652
Jace Peterson,MIL,2B,32,45,114,22,27,6,2,5,17,7,0,14,33,1,0,0,.237,.320,.456,.776
Brad Miller,TEX,1B,32,41,114,11,26,1,0,7,23,4,0,7,33,0,1,0,.228,.270,.421,.691
Jonathan Villar,CHC,3B,31,32,113,13,27,5,0,2,12,4,0,7,33,0,2,0,.239,.279,.336,.615
Yoshi Tsutsugo,PIT,1B,30,35,113,8,20,3,0,2,15,0,0,18,31,0,4,0,.177,.281,.257,.538
Tucker Barnhart,DET,C,31,36,112,5,26,3,0,0,5,0,0,5,37,0,0,0,.232,.265,.259,.524
Yadier Molina,STL,C,39,32,110,9,25,4,0,2,10,1,0,2,14,0,0,0,.227,.241,.318,.559
Luis Gonzalez,SF,OF,26,34,108,12,35,8,0,2,19,3,2,7,23,0,3,2,.324,.367,.454,.821
Josh Naylor,CLE,OF,24,30,108,13,31,6,0,6,27,0,0,8,16,0,1,2,.287,.345,.509,.854
Yonathan Daza,COL,OF,28,40,108,16,38,4,1,0,14,0,2,9,10,0,2,3,.352,.410,.407,.817
Trevor Larnach,MIN,OF,25,35,107,18,29,12,0,3,15,0,0,14,37,0,2,0,.271,.350,.467,.817
Austin Hedges,CLE,C,29,35,107,10,18,1,0,4,11,1,0,8,29,3,0,1,.168,.233,.290,.523
Ji-Man Choi,TB,1B,31,34,106,13,28,9,0,4,24,0,0,19,39,0,2,0,.264,.370,.462,.832
Mike Zunino,TB,C,31,33,106,6,16,3,0,4,14,0,0,5,43,0,1,1,.151,.195,.292,.487
Willi Castro,DET,2B,25,35,106,11,28,4,0,1,7,2,2,5,19,0,2,3,.264,.310,.330,.640
Omar Narvaez,MIL,C,30,32,106,11,29,7,1,2,10,0,0,12,27,0,0,3,.274,.364,.415,.779
Brian Anderson,MIA,3B,29,32,105,21,28,9,0,2,6,1,0,16,34,0,0,2,.267,.374,.410,.784
Teoscar Hernandez,TOR,OF,29,28,104,11,22,6,0,3,14,1,1,8,29,0,0,2,.212,.281,.356,.637
Aledmys Diaz,HOU,3B,31,33,103,9,24,1,0,3,14,0,1,6,19,0,0,1,.233,.282,.330,.612
Luis Urias,MIL,3B,25,28,103,18,25,1,0,5,11,0,1,13,22,0,1,3,.243,.342,.398,.740
Tyler Wade,LAA,3B,27,43,102,14,22,4,0,1,7,5,3,7,22,5,0,1,.216,.273,.284,.557
Josh Harrison,CWS,2B,34,35,102,13,17,7,1,0,3,0,0,5,14,1,0,6,.167,.248,.255,.503
Brandon Belt,SF,1B,34,26,101,14,23,2,1,4,11,1,0,16,32,0,1,2,.228,.342,.386,.728
Michael Taylor,KC,OF,31,33,101,14,24,2,1,2,12,0,1,15,25,0,1,0,.238,.333,.337,.670
Brett Phillips,TB,OF,28,37,101,12,19,4,0,4,10,6,0,7,48,2,1,1,.188,.245,.347,.592
Austin Meadows,DET,OF,27,28,101,9,27,4,2,0,11,0,1,12,14,0,0,3,.267,.362,.347,.709
Jose Siri,HOU,OF,26,34,101,15,22,4,2,2,7,6,1,8,36,0,0,2,.218,.288,.356,.644
Jack Suwinski,PIT,OF,23,32,101,13,21,3,0,5,12,1,0,7,30,0,0,1,.208,.266,.386,.652
Jake Burger,CWS,3B,26,29,100,8,23,3,0,4,13,0,0,7,33,1,1,0,.230,.278,.380,.658
Oscar Mercado,CLE,OF,27,38,100,12,19,4,1,4,15,1,2,3,25,0,1,1,.190,.219,.370,.589
Harold Castro,DET,2B,28,32,99,13,30,6,1,4,11,0,0,3,19,1,1,0,.303,.320,.505,.825
Josh VanMeter,PIT,2B,27,35,98,10,21,1,2,3,9,2,0,9,26,0,0,0,.214,.280,.357,.637
Corey Dickerson,STL,OF,33,37,98,11,19,3,0,2,11,0,0,6,20,0,1,1,.194,.245,.286,.531
Christian Bethancourt,OAK,C,30,35,97,14,22,6,0,1,10,3,0,6,22,1,0,1,.227,.279,.320,.599
Odubel Herrera,PHI,OF,30,32,96,12,26,9,1,3,12,2,0,5,24,0,1,0,.271,.304,.479,.783
Juan Yepez,STL,1B,24,28,96,15,26,5,0,4,10,0,0,9,22,0,2,1,.271,.333,.448,.781
Sam Hilliard,COL,OF,28,33,96,12,18,4,1,2,12,2,1,12,27,0,2,0,.188,.273,.313,.586
Nick Senzel,CIN,OF,26,28,96,10,20,3,0,1,6,0,2,7,22,0,0,0,.208,.262,.271,.533
Cooper Hummel,ARI,OF,27,37,95,10,17,4,2,2,9,2,0,18,34,0,0,0,.179,.310,.326,.636
Robinson Chirinos,BAL,C,37,33,95,6,13,4,0,2,10,0,0,11,36,0,1,2,.137,.239,.242,.481
Colin Moran,CIN,1B,29,34,94,8,19,2,0,4,22,0,0,12,25,0,3,0,.202,.284,.351,.635
Max Stassi,LAA,C,31,27,93,14,23,2,0,4,11,0,0,12,30,0,0,0,.247,.333,.398,.731
Alfonso Rivas,CHC,1B,25,36,93,9,18,2,1,2,13,1,0,14,35,0,1,0,.194,.296,.301,.597
J.D. Davis,NYM,3B,29,32,92,13,23,5,1,1,9,1,1,10,30,0,1,3,.250,.340,.359,.699
Eli White,TEX,OF,27,41,90,14,19,2,0,2,7,9,1,10,38,0,0,0,.211,.290,.300,.590
Ronald Acuna,ATL,OF,24,24,90,15,27,7,0,2,11,9,0,14,33,0,2,4,.300,.409,.444,.853
Luis Guillorme,NYM,3B,27,35,90,19,32,5,0,1,6,1,0,15,13,2,0,0,.356,.448,.444,.892
MJ Melendez,KC,C,23,26,89,9,24,4,1,4,9,0,0,8,22,0,0,0,.270,.330,.472,.802
Travis Demeritte,ATL,OF,27,26,89,9,19,2,0,3,6,0,0,6,32,0,1,0,.213,.260,.337,.597
Joey Wendle,MIA,3B,32,29,88,12,25,6,0,2,11,4,0,7,11,0,1,1,.284,.340,.420,.760
Nick Madrigal,CHC,2B,25,26,88,7,19,3,0,0,2,1,0,4,14,1,0,1,.216,.258,.250,.508
Joey Bart,SF,C,25,35,87,12,14,1,0,4,7,1,1,15,47,0,0,3,.161,.305,.310,.615
Jarred Kelenic,SEA,OF,22,30,86,10,12,2,1,3,10,4,2,9,36,0,1,0,.140,.219,.291,.510
Edwin Rios,LAD,1B,28,27,86,12,21,1,0,7,17,0,1,5,36,0,0,1,.244,.293,.500,.793
Franchy Cordero,BOS,OF,27,29,86,16,21,7,1,2,13,0,0,8,25,0,2,0,.244,.302,.419,.721
Dominic Smith,NYM,OF,26,39,86,7,16,4,1,0,14,0,0,9,24,0,2,4,.186,.287,.256,.543
Tomas Nido,NYM,C,28,31,85,7,21,3,0,0,9,0,0,4,32,2,1,0,.247,.278,.282,.560
Emmanuel Rivera,KC,3B,25,28,84,13,19,3,2,4,12,0,0,7,21,0,0,1,.226,.293,.452,.745
Reese McGuire,CWS,C,27,29,84,8,17,4,0,0,7,0,0,4,15,3,2,1,.202,.242,.250,.492
Matt Reynolds,CIN,3B,31,30,83,11,23,4,1,1,7,3,0,11,23,0,1,0,.277,.358,.386,.744
Jose Trevino,NYY,C,29,34,83,14,24,2,1,4,15,1,0,6,12,0,0,0,.289,.337,.482,.819
Ramon Laureano,OAK,OF,27,24,81,13,19,4,0,1,4,3,2,10,20,0,0,3,.235,.340,.321,.661
Jose Miranda,MIN,3B,23,23,81,7,15,5,0,4,10,0,0,2,19,0,0,1,.185,.214,.395,.609
Seth Beer,ARI,OF,25,27,81,4,17,3,0,1,9,0,0,8,24,0,1,3,.210,.301,.284,.585
Alek Thomas,ARI,OF,22,24,81,13,21,5,0,5,9,0,0,4,16,0,1,2,.259,.307,.506,.813
Brendan Donovan,STL,2B,25,32,81,14,24,6,0,1,10,1,1,17,15,0,0,2,.296,.430,.407,.837
Bryson Stott,PHI,SS,24,26,81,7,13,2,0,1,10,1,0,5,26,0,0,0,.160,.209,.222,.431
Luis Torrens,SEA,C,26,28,81,7,18,1,0,0,8,0,0,7,31,0,1,1,.222,.289,.235,.524
Jason Heyward,CHC,OF,32,30,81,11,16,2,1,0,4,1,0,7,23,0,0,1,.198,.270,.247,.517
Albert Pujols,STL,1B,42,28,81,11,17,2,0,4,15,1,1,12,16,0,2,3,.210,.327,.383,.710
Jorge Alfaro,SD,C,28,26,80,10,22,4,0,3,12,1,0,5,35,0,2,1,.275,.318,.438,.756
Andrew Knizner,STL,C,27,29,79,7,19,3,0,1,11,0,0,9,20,0,0,2,.241,.333,.316,.649
Bryan De La Cruz,MIA,OF,25,37,77,9,19,4,0,1,8,0,0,7,21,0,1,1,.247,.314,.338,.652
Paul DeJong,STL,SS,28,24,77,6,10,3,0,1,7,3,0,7,25,0,1,1,.130,.209,.208,.417
Francisco Mejia,TB,C,26,25,77,10,18,5,0,2,13,0,0,1,21,0,1,0,.234,.241,.377,.618
Kyle Higashioka,NYY,C,32,29,76,7,12,3,0,0,5,0,0,5,19,2,2,1,.158,.214,.197,.411
Josh Rojas,ARI,2B,27,23,76,13,23,3,0,3,10,3,0,12,18,0,2,0,.303,.389,.461,.850
Eric Haase,DET,C,29,28,75,6,13,1,0,2,5,0,0,6,17,0,0,0,.173,.235,.267,.502
Christian Arroyo,BOS,2B,27,28,75,8,15,2,0,3,9,1,0,2,16,1,1,1,.200,.228,.347,.575
Derek Hill,DET,OF,26,27,74,8,18,2,0,1,3,3,0,4,25,3,1,0,.243,.278,.311,.589
Luis Rengifo,LAA,SS,25,22,74,9,19,1,1,2,7,1,1,5,14,1,0,1,.257,.313,.378,.691
Ernie Clement,CLE,2B,26,30,74,9,16,3,0,0,4,0,1,4,13,1,0,2,.216,.275,.257,.532
Gilberto Celestino,MIN,OF,23,31,74,10,24,4,0,0,4,0,1,7,18,2,0,2,.324,.398,.378,.776
Cal Raleigh,SEA,C,25,26,73,8,11,2,0,5,10,0,0,7,31,0,1,0,.151,.222,.384,.606
Curt Casali,SF,C,33,25,73,9,17,2,0,4,12,0,0,7,24,0,1,0,.233,.296,.425,.721
Yan Gomes,CHC,C,34,24,73,6,18,4,0,2,7,0,0,2,15,0,0,0,.247,.267,.384,.651
Keston Hiura,MIL,1B,25,26,72,11,17,1,0,5,13,2,1,9,37,0,0,3,.236,.345,.458,.803
Matt Duffy,LAA,3B,31,26,71,5,22,2,0,0,3,0,0,7,15,0,0,0,.310,.372,.338,.710
Yoan Moncada,CWS,3B,27,18,70,4,10,1,0,2,6,0,0,2,21,0,0,1,.143,.178,.243,.421
Rodolfo Castro,PIT,2B,23,20,68,6,14,2,1,1,4,2,3,5,19,0,0,2,.206,.280,.309,.589
Mike Brosseau,MIL,2B,28,31,68,7,18,1,0,3,9,1,0,10,21,0,0,0,.265,.359,.412,.771
TJ Friedl,CIN,OF,26,20,67,10,12,3,1,0,4,4,0,5,14,0,3,1,.179,.237,.254,.491
Jon Berti,MIA,2B,32,24,67,15,19,4,1,2,6,6,1,14,18,0,0,1,.284,.415,.463,.878
Nick Solak,TEX,2B,27,26,67,11,14,1,0,2,3,3,1,5,17,0,0,3,.209,.293,.313,.606
Aristides Aquino,CIN,OF,28,24,67,7,9,2,0,3,7,2,0,2,31,0,0,0,.134,.159,.299,.458
Tyler Nevin,BAL,1B,25,20,66,10,15,1,0,1,7,0,0,6,18,0,1,2,.227,.307,.288,.595
Edmundo Sosa,STL,SS,26,27,66,10,14,2,1,0,4,1,1,2,19,0,0,3,.212,.268,.273,.541
Kyle Isbel,KC,OF,25,25,66,6,17,4,0,0,6,2,1,2,17,0,1,0,.258,.275,.318,.593
Christopher Morel,CHC,OF,22,17,65,13,17,4,1,2,6,6,2,10,18,0,1,1,.262,.364,.446,.810
Jo Adell,LAA,OF,23,19,65,4,14,3,0,3,8,1,1,1,24,0,0,0,.215,.227,.400,.627
Jordan Luplow,ARI,OF,28,27,65,10,11,1,0,6,13,3,1,6,24,0,0,0,.169,.239,.462,.701
Victor Caratini,MIL,C,28,23,65,8,14,1,0,4,10,0,0,9,17,0,1,3,.215,.333,.415,.748
Austin Slater,SF,OF,29,34,64,12,16,1,1,2,11,2,0,15,21,0,1,0,.250,.388,.391,.779
Vidal Brujan,TB,2B,24,22,64,5,9,3,0,0,4,1,2,5,10,0,2,0,.141,.197,.188,.385
Josh Lowe,TB,OF,24,19,64,9,12,3,2,1,6,1,0,6,27,1,0,0,.188,.257,.344,.601
Jake McCarthy,ARI,OF,24,24,64,11,13,2,1,2,8,1,0,5,23,1,0,1,.203,.271,.359,.630
William Contreras,ATL,C,24,20,63,13,19,5,0,7,14,1,0,9,19,0,0,0,.302,.389,.714,1.103
Cole Tucker,PIT,OF,25,18,63,3,11,1,1,0,2,1,0,0,25,0,0,0,.175,.175,.222,.397
Kris Bryant,COL,3B,30,17,63,11,17,4,0,0,4,0,0,7,15,0,2,1,.270,.342,.333,.675
Zack Collins,TOR,C,27,20,62,5,12,3,0,3,9,0,0,6,28,0,0,1,.194,.275,.387,.662
Evan Longoria,SF,3B,36,20,62,8,15,3,0,5,11,0,0,4,22,0,0,0,.242,.288,.532,.820
Jose Azocar,SD,OF,26,38,62,6,17,3,1,0,5,2,4,6,17,0,1,0,.274,.333,.355,.688
Marwin Gonzalez,NYY,2B,33,26,61,7,15,5,0,0,4,0,0,4,18,0,1,1,.246,.299,.328,.627
Albert Almora,CIN,OF,28,18,61,8,19,3,0,1,8,1,1,1,10,1,0,0,.311,.323,.410,.733
Aramis Garcia,CIN,C,29,23,60,5,10,1,0,1,1,0,0,2,19,0,0,0,.167,.194,.233,.427
Roberto Perez,PIT,C,33,21,60,8,14,2,0,2,8,0,0,9,25,0,0,0,.233,.333,.367,.700
Kyle Garlick,MIN,OF,30,28,60,11,15,1,0,6,14,0,0,6,13,0,1,1,.250,.324,.567,.891
Jack Mayfield,LAA,3B,31,20,59,7,13,1,1,1,6,1,0,3,13,0,0,1,.220,.270,.322,.592
Didi Gregorius,PHI,SS,32,18,59,7,17,4,0,0,7,0,0,3,10,0,1,2,.288,.338,.356,.694
Dee Strange-Gordon,WAS,2B,34,22,58,6,17,1,1,0,2,3,2,0,8,0,0,0,.293,.293,.345,.638
Riley Adams,WAS,C,25,20,58,7,12,0,0,3,5,0,0,5,19,0,0,1,.207,.281,.362,.643
Austin Barnes,LAD,C,32,21,57,12,13,2,0,4,9,0,0,6,11,0,0,1,.228,.313,.474,.787
Carson Kelly,ARI,C,27,20,57,3,6,1,0,0,1,0,0,2,20,0,0,1,.105,.150,.123,.273
Chris Owings,BAL,2B,30,27,56,6,6,2,0,0,0,1,0,10,24,1,0,1,.107,.254,.143,.397
Hanser Alberto,LAD,2B,29,27,56,6,13,3,0,1,4,0,0,1,6,0,0,0,.232,.246,.339,.585
James McCann,NYM,C,31,21,56,5,11,2,0,1,6,1,0,2,11,0,2,4,.196,.266,.286,.552
Jose Herrera,ARI,C,25,23,55,6,11,1,0,0,2,0,0,5,17,1,0,0,.200,.267,.218,.485
Luis Barrera,OAK,OF,26,22,55,3,14,4,0,1,7,3,0,5,11,0,1,1,.255,.323,.382,.705
CJ Abrams,SD,SS,21,20,55,9,10,2,0,1,4,1,1,4,14,2,1,3,.182,.270,.273,.543
Miguel Sano,MIN,1B,29,17,54,1,5,0,0,1,3,1,0,9,21,0,1,1,.093,.231,.148,.379
Kevin Plawecki,BOS,C,31,22,54,6,8,1,0,1,4,0,0,6,12,1,1,1,.148,.242,.222,.464
Bradley Zimmer,TOR,OF,29,35,54,5,6,3,0,1,1,1,1,3,25,1,0,3,.111,.200,.222,.422
Sergio Alcantara,ARI,SS,25,23,53,6,10,2,1,1,7,0,0,1,13,2,1,0,.189,.200,.321,.521
Isaac Paredes,TB,3B,23,19,53,7,11,3,0,3,9,0,0,3,10,0,0,0,.208,.250,.434,.684
Garrett Hampson,COL,2B,27,22,53,12,12,2,1,2,9,1,1,7,17,2,0,0,.226,.317,.415,.732
Anthony Bemboom,BAL,C,32,22,52,4,6,2,0,1,1,0,0,6,17,1,0,0,.115,.207,.212,.419
Billy McKinney,OAK,OF,27,23,52,3,5,1,0,1,4,0,0,4,16,0,1,0,.096,.158,.173,.331
Nick Ahmed,ARI,SS,32,17,52,7,12,2,0,3,7,0,1,2,15,0,0,0,.231,.259,.442,.701
Kurt Suzuki,LAA,C,38,16,51,6,10,2,0,1,5,0,0,5,11,0,0,0,.196,.268,.294,.562
Charlie Culberson,TEX,3B,33,27,50,9,11,1,0,0,6,1,2,3,15,3,0,0,.220,.264,.240,.504
Adalberto Mondesi,KC,3B,26,15,50,3,7,0,0,0,3,5,0,4,20,0,0,0,.140,.204,.140,.344
Akil Baddoo,DET,OF,23,17,50,5,7,1,0,1,2,1,1,5,15,0,0,0,.140,.218,.220,.438
Dylan Moore,SEA,2B,29,29,50,9,8,0,2,2,7,3,1,9,18,1,0,3,.160,.323,.360,.683
Danny Jansen,TOR,C,27,17,50,9,13,1,0,7,12,0,0,3,9,0,0,1,.260,.315,.700,1.015
Jake Marisnick,PIT,OF,31,22,49,5,8,2,0,0,1,1,1,2,13,1,0,0,.163,.196,.204,.400
Jason Castro,HOU,C,34,23,48,3,5,2,0,0,1,0,0,7,25,0,1,1,.104,.228,.146,.374
Tommy La Stella,SF,2B,33,13,48,7,12,6,0,2,6,0,0,3,6,0,0,0,.250,.294,.500,.794
Guillermo Heredia,ATL,OF,31,31,48,7,6,2,1,2,5,0,0,4,25,0,0,0,.125,.192,.333,.525
Kevin Newman,PIT,SS,28,14,48,4,12,4,1,0,8,1,1,4,7,0,0,0,.250,.308,.375,.683
Ryan O'Hearn,KC,1B,28,24,47,4,9,0,0,1,5,0,0,4,16,0,1,0,.191,.250,.255,.505
Orlando Arcia,ATL,OF,27,16,47,4,14,4,0,1,8,0,0,6,14,0,1,0,.298,.370,.447,.817
Matt Vierling,PHI,OF,25,23,47,3,8,2,0,0,4,1,0,5,14,0,1,1,.170,.259,.213,.472
Adley Rutschman,BAL,C,24,12,47,5,7,1,1,0,0,0,0,4,14,0,0,2,.149,.245,.213,.458
Sam Huff,TEX,C,24,16,46,4,17,2,0,1,4,1,0,3,13,0,0,0,.370,.408,.478,.886
Richie Palacios,CLE,OF,25,15,46,3,15,3,0,0,4,1,0,2,6,0,0,0,.326,.354,.391,.745
Mauricio Dubon,SF,2B,27,21,46,10,11,1,0,2,8,0,0,1,4,0,2,0,.239,.245,.391,.636
Daz Cameron,DET,OF,25,14,44,3,8,1,0,1,5,2,0,4,14,0,0,1,.182,.265,.273,.538
Michael Perez,PIT,C,29,15,44,2,5,0,0,2,5,1,0,4,13,0,0,0,.114,.188,.250,.438
Eddie Rosario,ATL,OF,30,15,44,4,3,1,0,0,0,0,0,5,10,0,0,0,.068,.163,.091,.254
Jason Vosler,SF,3B,28,15,44,7,13,2,0,3,7,0,1,6,13,0,1,0,.295,.373,.545,.918
Jonathan India,CIN,2B,25,11,44,5,13,2,0,0,3,0,1,1,10,0,0,0,.295,.311,.341,.652
Alejo Lopez,CIN,2B,26,23,44,5,11,1,0,0,0,1,1,5,7,0,0,1,.250,.340,.273,.613
Willie Calhoun,TEX,OF,27,18,44,7,6,3,0,1,2,0,0,8,6,0,0,1,.136,.283,.273,.556
Ryan McKenna,BAL,OF,25,34,44,6,10,3,0,0,3,0,0,3,20,0,1,2,.227,.300,.295,.595
Jake Fraley,CIN,OF,27,15,43,5,5,2,0,1,3,1,0,4,12,0,0,1,.116,.208,.233,.441
Niko Goodrum,HOU,SS,30,15,43,2,5,2,0,0,1,1,0,2,23,0,0,0,.116,.156,.163,.319
Andrelton Simmons,CHC,SS,32,16,43,5,8,0,0,0,6,3,0,1,6,1,0,0,.186,.205,.186,.391
Travis Jankowski,NYM,OF,30,33,43,11,9,0,0,0,2,3,0,5,7,0,0,0,.209,.292,.209,.501
Robinson Cano,NYM,2B,39,12,41,3,8,0,0,1,3,0,0,2,11,0,0,0,.195,.233,.268,.501
Miguel Andujar,NYY,OF,27,12,41,4,11,2,0,0,3,3,0,1,7,0,1,0,.268,.279,.317,.596
Cavan Biggio,TOR,3B,27,20,41,6,5,2,0,0,2,1,0,8,19,0,0,2,.122,.294,.171,.465
Stephen Piscotty,OAK,OF,31,14,40,4,9,1,0,1,3,2,0,6,12,0,0,1,.225,.340,.325,.665
Royce Lewis,MIN,SS,22,12,40,5,12,4,0,2,5,0,0,1,5,0,0,0,.300,.317,.550,.867
Lars Nootbaar,STL,OF,24,17,39,7,6,2,0,1,4,1,0,3,15,0,0,0,.154,.214,.282,.496
David Fletcher,LAA,2B,28,14,38,2,6,2,1,0,2,0,0,3,2,0,0,0,.158,.220,.263,.483
Matt Beaty,SD,1B,29,17,37,6,4,1,1,0,1,0,0,2,6,0,0,1,.108,.175,.189,.364
Roman Quinn,PHI,OF,29,23,37,8,6,1,0,0,3,4,1,3,15,0,0,0,.162,.225,.189,.414
Eloy Jimenez,CWS,OF,25,11,36,2,8,1,0,1,7,0,0,2,10,0,1,0,.222,.256,.333,.589
Nolan Gorman,STL,3B,22,11,36,10,13,3,0,3,10,0,0,5,12,0,0,0,.361,.439,.694,1.133
Danny Mendick,CWS,2B,28,15,36,7,11,3,0,1,5,0,0,3,10,1,0,0,.306,.359,.472,.831
Steven Duggar,SF,OF,28,12,36,2,7,3,0,0,4,4,0,2,16,0,1,0,.194,.231,.278,.509
Patrick Mazeika,NYM,C,28,11,35,2,6,3,0,1,4,0,0,0,4,1,0,0,.171,.171,.343,.514
Alan Trejo,COL,SS,26,10,35,6,9,1,0,1,6,0,0,1,8,0,0,0,.257,.278,.371,.649
Edward Olivares,KC,OF,26,15,35,5,13,4,0,0,3,2,1,2,5,0,0,1,.371,.421,.486,.907
Mitch Haniger,SEA,OF,31,9,35,3,7,1,0,3,7,0,0,1,9,0,0,0,.200,.222,.486,.708
Alex Dickerson,ATL,OF,32,13,33,3,4,0,0,1,2,0,0,3,9,0,0,0,.121,.194,.212,.406
Robinson Cano,SD,2B,39,12,33,1,3,0,0,0,1,0,0,1,10,0,0,0,.091,.118,.091,.209
Tom Murphy,SEA,C,31,14,33,9,10,2,0,1,1,0,0,8,13,0,0,0,.303,.439,.455,.894
Chad Wallach,LAA,C,30,10,32,3,5,1,0,1,4,0,0,3,7,1,0,0,.156,.229,.281,.510
Donovan Walton,SF,SS,28,9,32,5,7,6,0,0,1,0,0,1,6,0,0,0,.219,.242,.406,.648
Garrett Stubbs,PHI,C,29,12,32,4,11,2,1,2,6,1,0,3,7,1,0,0,.344,.400,.656,1.056
Clint Frazier,CHC,OF,27,16,31,4,7,3,0,0,1,1,0,7,9,0,0,1,.226,.385,.323,.708
Erik Gonzalez,MIA,3B,30,12,31,4,6,0,0,0,3,1,0,4,10,0,0,0,.194,.286,.194,.480
Andrew Knapp,PIT,C,30,11,31,2,4,1,0,0,2,0,0,3,9,0,0,1,.129,.229,.161,.390
Cal Mitchell,PIT,OF,23,8,30,1,5,2,0,0,2,1,0,2,7,0,0,0,.167,.219,.233,.452
Luke Maile,CLE,C,31,12,30,7,9,5,0,0,4,0,0,4,7,0,1,0,.300,.371,.467,.838
Alex Kirilloff,MIN,1B,24,10,29,2,5,0,0,0,0,0,0,1,12,0,0,1,.172,.226,.172,.398
Oscar Gonzalez,CLE,OF,24,7,29,2,11,3,0,0,2,0,0,0,4,0,0,0,.379,.379,.483,.862
Brian Serven,COL,C,27,10,29,3,8,0,0,2,7,0,0,2,8,0,0,0,.276,.323,.483,.806
Kelvin Gutierrez,BAL,3B,27,12,28,2,4,1,0,0,3,1,0,4,8,0,0,0,.143,.250,.179,.429
Michael Hermosillo,CHC,OF,27,17,28,2,2,1,0,0,2,0,0,4,14,0,0,3,.071,.257,.107,.364
Mike Ford,SEA,1B,29,15,28,1,5,1,0,0,3,0,0,8,11,0,0,1,.179,.378,.214,.592
P.J. Higgins,CHC,C,29,9,28,5,8,0,1,2,6,0,0,3,6,1,0,1,.286,.375,.571,.946
Payton Henry,MIA,C,24,15,28,2,4,0,0,0,4,0,0,5,8,0,0,2,.143,.314,.143,.457
Dom Nunez,COL,C,27,12,28,3,4,1,0,0,2,0,0,6,7,0,2,0,.143,.278,.179,.457
Tyler Heineman,PIT,C,30,10,27,4,4,0,0,0,1,0,0,4,2,1,0,0,.148,.258,.148,.406
Tucupita Marcano,PIT,2B,22,8,25,7,8,2,0,2,5,1,0,1,8,2,0,0,.320,.346,.640,.986
Michael Harris,ATL,OF,21,7,25,4,7,2,0,0,3,0,0,1,7,0,0,0,.280,.308,.360,.668
Taylor Trammell,SEA,OF,24,10,25,7,9,5,0,1,5,0,1,4,6,1,1,0,.360,.433,.680,1.113
LaMonte Wade,SF,OF,28,10,25,4,6,0,0,1,5,0,0,5,5,0,1,1,.240,.375,.360,.735
Lucius Fox,WAS,SS,24,10,25,2,2,0,0,0,2,1,0,1,9,2,0,0,.080,.115,.080,.195
Yonny Hernandez,ARI,3B,24,12,24,2,2,0,0,0,0,2,0,2,4,2,0,0,.083,.154,.083,.237
Victor Reyes,DET,OF,27,11,24,1,7,2,1,0,4,0,1,2,4,0,0,0,.292,.346,.458,.804
Jose Rojas,LAA,OF,29,7,23,1,3,2,0,0,1,0,0,0,8,0,0,0,.130,.130,.217,.347
Nick Allen,OAK,SS,23,10,23,2,4,2,0,0,0,1,0,2,7,0,0,1,.174,.269,.261,.530
Ildemaro Vargas,CHC,2B,30,10,23,4,3,0,1,1,4,0,0,3,2,0,0,0,.130,.231,.348,.579
Zach Reks,TEX,OF,28,9,22,2,5,1,0,0,3,0,1,0,8,0,0,0,.227,.227,.273,.500
Mauricio Dubon,HOU,2B,27,10,21,1,4,1,0,0,0,0,0,1,0,1,0,0,.190,.227,.238,.465
Travis Shaw,BOS,3B,32,7,19,0,0,0,0,0,0,0,0,0,7,0,0,0,.000,.000,.000,.000
Steven Souza,SEA,OF,33,6,19,0,3,0,0,0,1,0,0,0,8,0,0,0,.158,.158,.158,.316
Matt Carpenter,NYY,2B,36,7,19,7,5,0,0,4,6,0,0,3,6,0,0,1,.263,.391,.895,1.286
Jake Hager,ARI,SS,29,9,18,1,2,0,0,0,2,0,0,4,10,1,0,0,.111,.273,.111,.384
Willians Astudillo,MIA,3B,30,7,18,2,5,0,0,1,3,1,0,0,0,0,0,0,.278,.278,.444,.722
Bobby Bradley,CLE,1B,25,8,17,1,2,0,0,0,0,0,0,0,9,0,0,0,.118,.118,.118,.236
Cam Gallagher,KC,C,29,8,16,1,5,2,0,0,2,0,0,1,4,1,0,0,.313,.353,.438,.791
Juan Lagares,LAA,OF,33,7,16,0,4,2,0,0,0,0,0,2,2,0,0,0,.250,.333,.375,.708
Tyler Heineman,TOR,C,30,10,15,2,4,2,0,0,1,0,0,0,4,1,0,0,.267,.267,.400,.667
Jermaine Palacios,MIN,SS,25,5,15,2,2,0,0,0,0,0,0,2,5,0,0,0,.133,.235,.133,.368
Kyle Lewis,SEA,OF,26,4,15,3,4,0,0,2,3,0,0,0,1,0,0,1,.267,.313,.667,.980
Rene Pinto,TB,C,25,5,15,1,3,0,0,1,2,0,0,0,6,0,0,0,.200,.200,.400,.600
Rylan Bannon,BAL,2B,26,4,14,0,2,0,0,0,0,0,0,0,5,0,0,1,.143,.200,.143,.343
Austin Allen,OAK,C,28,5,14,1,1,0,0,0,0,0,0,1,9,0,0,1,.071,.188,.071,.259
Hoy Park,PIT,SS,26,6,14,2,3,1,0,0,2,0,0,1,7,0,0,0,.214,.267,.286,.553
Stephen Vogt,OAK,C,37,6,14,3,1,0,0,1,1,0,0,1,6,0,0,0,.071,.133,.286,.419
Trayce Thompson,SD,OF,31,6,14,1,1,0,0,0,2,0,1,2,7,0,0,0,.071,.188,.071,.259
Manny Pina,ATL,C,34,5,14,1,2,0,0,0,2,0,0,1,1,0,1,1,.143,.235,.143,.378
Drew Ellis,ARI,3B,26,6,13,2,2,1,0,0,1,0,0,1,6,0,0,0,.154,.214,.231,.445
Tim Locastro,NYY,OF,29,15,13,8,3,0,0,1,2,4,1,2,4,0,0,0,.231,.333,.462,.795
Nick Fortes,MIA,C,25,4,13,6,5,0,0,1,2,0,0,1,3,0,0,2,.385,.500,.615,1.115
Josh Smith,TEX,2B,24,5,12,2,5,1,0,0,0,1,0,2,1,0,0,3,.417,.588,.500,1.088
Bryan Lavastida,CLE,C,23,6,12,0,1,0,0,0,0,0,0,3,4,0,0,0,.083,.267,.083,.350
Luis Campusano,SD,C,23,4,12,1,1,0,0,0,1,0,0,0,2,0,1,0,.083,.077,.083,.160
Luke Williams,SF,OF,25,8,12,1,3,1,0,0,3,0,0,0,4,0,0,0,.250,.250,.333,.583
Kevin Padlo,SF,3B,25,4,12,0,2,0,0,0,0,0,0,0,4,0,0,0,.167,.167,.167,.334
Kevin Pillar,LAD,OF,33,4,12,1,1,1,0,0,0,0,0,1,4,0,0,0,.083,.154,.167,.321
Aaron Whitefield,LAA,OF,25,5,11,0,0,0,0,0,0,0,0,0,5,0,0,0,.000,.000,.000,.000
Luis Garcia,WAS,2B,22,3,11,0,2,1,0,0,0,0,0,0,5,0,0,0,.182,.182,.273,.455
Estevan Florial,NYY,OF,24,4,11,0,0,0,0,0,0,1,0,1,4,0,0,0,.000,.083,.000,.083
Mark Kolozsvary,CIN,C,26,6,11,0,1,1,0,0,1,0,0,0,5,0,0,0,.091,.091,.182,.273
Joe Dunand,MIA,3B,26,3,10,2,3,1,0,1,1,0,0,0,3,0,0,1,.300,.364,.700,1.064
Adam Haseley,CWS,OF,26,5,10,0,2,0,0,0,0,0,0,2,2,0,0,0,.200,.333,.200,.533
Mickey Moniak,PHI,OF,24,3,10,0,1,0,0,0,0,0,0,0,5,0,0,0,.100,.100,.100,.200
Yu Chang,CLE,3B,26,4,10,0,0,0,0,0,0,0,0,0,7,0,0,0,.000,.000,.000,.000
Dustin Garneau,DET,C,34,8,10,1,3,1,0,0,1,0,0,1,4,0,0,0,.300,.364,.400,.764
Matt Davidson,ARI,DH,31,5,10,1,1,0,0,1,1,0,0,3,3,0,0,0,.100,.308,.400,.708
Nick Plummer,NYM,OF,25,6,9,3,4,1,0,2,5,0,0,0,3,0,0,1,.444,.500,1.222,1.722
Christian Lopes,OAK,2B,29,4,9,0,0,0,0,0,0,0,0,1,5,0,0,0,.000,.100,.000,.100
Heliot Ramos,SF,OF,22,5,9,2,2,0,0,0,0,0,0,1,2,0,0,0,.222,.300,.222,.522
Michael Papierski,SF,C,26,5,9,1,0,0,0,0,0,0,0,1,4,0,0,0,.000,.100,.000,.100
Kody Clemens,DET,2B,26,4,9,0,0,0,0,0,0,0,0,1,3,0,0,0,.000,.100,.000,.100
Stuart Fairchild,SF,OF,26,5,8,1,0,0,0,0,0,0,0,0,3,0,0,0,.000,.000,.000,.000
Gabriel Arias,CLE,SS,22,2,8,2,1,0,0,0,1,0,0,0,3,0,0,0,.125,.125,.125,.250
Jason Krizan,SF,OF,32,3,8,0,1,0,0,0,0,0,0,2,3,0,0,0,.125,.300,.125,.425
Sergio Alcantara,SD,SS,25,8,8,1,0,0,0,0,1,0,1,2,4,0,1,0,.000,.182,.000,.182
Alex Jackson,MIL,C,26,4,8,0,2,0,0,0,0,0,0,0,5,0,0,0,.250,.250,.250,.500
Austin Romine,LAA,C,33,3,8,0,2,0,0,0,0,0,0,0,3,1,0,0,.250,.250,.250,.500
Yu Chang,PIT,3B,26,2,7,0,0,0,0,0,0,0,0,0,5,0,0,1,.000,.125,.000,.125
Gosuke Katoh,TOR,2B,27,8,7,2,1,1,0,0,0,0,0,3,1,1,0,0,.143,.400,.286,.686
Jonathan Arauz,BOS,2B,23,5,7,1,0,0,0,0,1,0,0,0,2,1,1,0,.000,.000,.000,.000
Simon Muzziotti,PHI,OF,23,9,7,0,1,0,0,0,0,0,0,0,2,1,0,1,.143,.250,.143,.393
Dairon Blanco,KC,OF,29,5,7,1,2,0,0,0,2,1,0,0,4,0,0,0,.286,.286,.286,.572
Sebastian Rivero,KC,C,23,3,7,0,0,0,0,0,0,0,0,1,4,0,0,0,.000,.125,.000,.125
Nelson Velazquez,CHC,OF,23,2,7,0,2,0,0,0,0,0,0,0,2,0,0,0,.286,.286,.286,.572
Nick Maton,PHI,SS,25,2,6,2,3,0,1,1,4,0,0,1,1,0,0,0,.500,.571,1.333,1.904
Mark Mathias,MIL,2B,27,2,6,1,1,0,0,0,0,0,0,0,2,0,0,0,.167,.167,.167,.334
Luke Williams,MIA,OF,25,4,6,2,2,1,0,0,0,0,1,3,0,0,0,0,.333,.556,.500,1.056
Taylor Motter,CIN,SS,32,2,6,0,1,0,0,0,0,0,0,0,3,0,0,0,.167,.167,.167,.334
Connor Wong,BOS,C,26,2,6,0,1,0,0,0,1,0,0,0,1,0,1,0,.167,.143,.167,.310
Grayson Greiner,ARI,C,29,2,6,0,1,0,0,0,0,0,0,2,3,0,0,0,.167,.375,.167,.542
Rob Refsnyder,BOS,OF,31,3,5,0,2,2,0,0,1,0,0,1,0,0,0,0,.400,.500,.800,1.300
J.J. Matijevic,HOU,OF,26,2,5,0,0,0,0,0,0,0,0,0,3,0,0,0,.000,.000,.000,.000
Sam Haggerty,SEA,OF,28,6,5,1,0,0,0,0,0,1,0,0,1,0,0,2,.000,.286,.000,.286
Vinny Capra,TOR,OF,25,8,5,2,1,0,0,0,0,0,0,2,1,0,0,0,.200,.429,.200,.629
Zach McKinstry,LAD,2B,27,3,5,1,1,0,0,1,2,0,0,0,2,0,0,0,.200,.200,.800,1.000
Mickey McDonald,OAK,OF,27,4,4,0,0,0,0,0,0,0,0,2,3,0,0,0,.000,.333,.000,.333
Jarren Duran,BOS,OF,25,1,4,1,1,0,1,0,0,0,0,0,1,0,0,1,.250,.400,.750,1.150
Elehuris Montero,COL,3B,23,1,4,0,2,0,0,0,0,0,0,0,2,0,0,0,.500,.500,.500,1.000
Mike Ford,SF,1B,29,1,4,0,1,0,0,0,2,0,0,0,0,0,0,0,.250,.250,.250,.500
Jaylin Davis,BOS,OF,27,2,4,0,2,0,0,0,0,0,0,0,2,0,0,0,.500,.500,.500,1.000
JT Riddle,CIN,3B,30,2,4,0,1,0,0,0,0,0,0,0,1,0,0,0,.250,.250,.250,.500
Anthony Alford,PIT,OF,27,2,4,0,1,0,0,0,0,0,0,0,2,0,0,0,.250,.250,.250,.500
Nomar Mazara,SD,OF,27,2,4,0,1,0,0,0,0,0,0,0,0,0,0,0,.250,.250,.250,.500
Rob Brantly,NYY,C,32,1,3,0,1,1,0,0,0,0,0,0,0,0,0,0,.333,.333,.667,1.000
DJ Stewart,BAL,OF,28,3,3,0,0,0,0,0,0,0,0,0,2,0,0,0,.000,.000,.000,.000
Stuart Fairchild,SEA,OF,26,3,3,0,0,0,0,0,0,0,0,0,2,0,0,0,.000,.000,.000,.000
Ronnie Dawson,CIN,OF,27,1,3,0,0,0,0,0,0,0,0,0,2,0,0,0,.000,.000,.000,.000
Drew Jackson,OAK,2B,28,3,3,0,0,0,0,0,0,0,0,0,1,0,0,0,.000,.000,.000,.000
Jose Godoy,MIN,C,27,2,3,2,0,0,0,0,0,0,0,2,2,0,0,0,.000,.400,.000,.400
Mark Contreras,MIN,OF,27,2,2,1,0,0,0,0,1,0,0,0,0,0,1,0,.000,.000,.000,.000
Pablo Reyes,MIL,3B,28,1,2,0,0,0,0,0,0,0,0,1,0,0,0,0,.000,.333,.000,.333
Brewer Hicklen,KC,OF,26,2,2,0,0,0,0,0,0,0,0,0,2,0,0,0,.000,.000,.000,.000
Ka'ai Tom,SF,OF,28,1,1,0,0,0,0,0,0,0,0,0,0,0,0,0,.000,.000,.000,.000
Kramer Robertson,STL,SS,27,2,1,0,0,0,0,0,1,0,0,0,0,0,0,0,.000,.000,.000,.000
Joe Perez,HOU,3B,22,1,1,0,0,0,0,0,0,0,0,0,1,0,0,0,.000,.000,.000,.000